id,pred
20884,0.04301595688
20885,0.02087986469
20886,0.14273056388
20887,0.98319399357
20888,0.20435819030
20889,0.60844254494
20890,0.50000000000
20891,0.72975325584
20892,0.23215302825
20893,0.68413794041
20894,0.62021410465
20895,0.21268439293
20896,0.62323457003
20897,0.72518378496
20898,0.76642894745
20899,0.75677216053
20900,0.96835744381
20901,0.87032115459
20902,0.09787815809
20903,0.97050333023
20904,0.99628424644
20905,0.04651328921
20906,0.11613854766
20907,0.94434046745
20908,0.34218871593
20909,0.76157236099
20910,0.54430627823
20911,0.43887802958
20912,0.95748031139
20913,0.34996128082
20914,0.92031610012
20915,0.25730013847
20916,0.96194422245
20917,0.97374701500
20918,0.86777871847
20919,0.03853055835
20920,0.40989720821
20921,0.55934095383
20922,0.98424780369
20923,0.95318782330
20924,0.64418590069
20925,0.95948338509
20926,0.19484272599
20927,0.68759918213
20928,0.86656630039
20929,0.56897777319
20930,0.73494213820
20931,0.69006371498
20932,0.79964762926
20933,0.38537597656
20934,0.57988065481
20935,0.93701064587
20936,0.99399822950
20937,0.89353752136
20938,0.99269032478
20939,0.50000000000
20940,0.96545642614
20941,0.65511608124
20942,0.98027873039
20943,0.97498846054
20944,0.92226803303
20945,0.95814692974
20946,0.97690367699
20947,0.99505627155
20948,0.97655051947
20949,0.99913334846
20950,0.99560296535
20951,0.81934690475
20952,0.99889314175
20953,0.99944365025
20954,0.68350875378
20955,0.82693850994
20956,0.99790382385
20957,0.92305552959
20958,0.91059041023
20959,0.93718129396
20960,0.96281075478
20961,0.99746704102
20962,0.97400391102
20963,0.99648022652
20964,0.93675100803
20965,0.99859583378
20966,0.99923038483
20967,0.99340939522
20968,0.63036739826
20969,0.97540163994
20970,0.95948225260
20971,0.99945151806
20972,0.99902355671
20973,0.98314094543
20974,0.99839138985
20975,0.86333084106
20976,0.98383969069
20977,0.99608302116
20978,0.98619031906
20979,0.98463523388
20980,0.91403806210
20981,0.98709356785
20982,0.96253293753
20983,0.95322585106
20984,0.99967741966
20985,0.91822981834
20986,0.97904610634
20987,0.50000000000
20988,0.98161852360
20989,0.86881834269
20990,0.94717180729
20991,0.97788739204
20992,0.92603653669
20993,0.96079468727
20994,0.98056495190
20995,0.99286925793
20996,0.98438078165
20997,0.99836969376
20998,0.99671888351
20999,0.79584169388
21000,0.99919372797
21001,0.99936711788
21002,0.68725955486
21003,0.83009493351
21004,0.99462431669
21005,0.96566236019
21006,0.99411535263
21007,0.96905541420
21008,0.96534162760
21009,0.99812662601
21010,0.98266911507
21011,0.99355638027
21012,0.94090533257
21013,0.99867486954
21014,0.99861967564
21015,0.99609744549
21016,0.68175888062
21017,0.98719263077
21018,0.99209809303
21019,0.99956440926
21020,0.99735242128
21021,0.98218291998
21022,0.99834191799
21023,0.83783912659
21024,0.98852342367
21025,0.99443042278
21026,0.97800362110
21027,0.97608101368
21028,0.98271918297
21029,0.99229812622
21030,0.92836201191
21031,0.99506497383
21032,0.37410682440
21033,0.83256483078
21034,0.50000000000
21035,0.70067954063
21036,0.21470987797
21037,0.96274739504
21038,0.79674345255
21039,0.46949860454
21040,0.90448689461
21041,0.85639095306
21042,0.88214272261
21043,0.75779497623
21044,0.97306936979
21045,0.94146072865
21046,0.36836147308
21047,0.98776304722
21048,0.98211663961
21049,0.10765960813
21050,0.32494646311
21051,0.84331858158
21052,0.79105246067
21053,0.90796053410
21054,0.75029051304
21055,0.79085183144
21056,0.98549664021
21057,0.78487002850
21058,0.88305401802
21059,0.56402623653
21060,0.96591579914
21061,0.99223279953
21062,0.94105887413
21063,0.08901590109
21064,0.93081742525
21065,0.84439867735
21066,0.99321258068
21067,0.98529434204
21068,0.83995962143
21069,0.98715162277
21070,0.45334547758
21071,0.77922451496
21072,0.94661939144
21073,0.66931343079
21074,0.92455387115
21075,0.94998139143
21076,0.96695238352
21077,0.58905613422
21078,0.00706332922
21079,0.18814662099
21080,0.50000000000
21081,0.20967394114
21082,0.00454604626
21083,0.02558454871
21084,0.01156169176
21085,0.00434353948
21086,0.01469901204
21087,0.02082794905
21088,0.02810645103
21089,0.02112698555
21090,0.11633202434
21091,0.10096710920
21092,0.00231057405
21093,0.61551016569
21094,0.90375220776
21095,0.00083374977
21096,0.00473806262
21097,0.09003391862
21098,0.00761047006
21099,0.12658262253
21100,0.01131111383
21101,0.00336831808
21102,0.23775485158
21103,0.00492042303
21104,0.11798194051
21105,0.03844392300
21106,0.21327722073
21107,0.31274750829
21108,0.05330440402
21109,0.00050610304
21110,0.06835901737
21111,0.01350924373
21112,0.64419859648
21113,0.17335686088
21114,0.00856363773
21115,0.30596971512
21116,0.00282299519
21117,0.01934286952
21118,0.05536416173
21119,0.00611701608
21120,0.03315469623
21121,0.15096369386
21122,0.07156649232
21123,0.01236203313
21124,0.92330634594
21125,0.50000000000
21126,0.91741645336
21127,0.82090729475
21128,0.88743126392
21129,0.92410510778
21130,0.72098636627
21131,0.90157222748
21132,0.87853014469
21133,0.96497929096
21134,0.90934830904
21135,0.99149322510
21136,0.97701942921
21137,0.39347359538
21138,0.99417734146
21139,0.99875998497
21140,0.18964502215
21141,0.60321420431
21142,0.78874182701
21143,0.79638063908
21144,0.94926935434
21145,0.82265627384
21146,0.92406094074
21147,0.99603092670
21148,0.87633454800
21149,0.96891218424
21150,0.80547821522
21151,0.99091261625
21152,0.99590158463
21153,0.96709328890
21154,0.17563194036
21155,0.94282257557
21156,0.94515889883
21157,0.99611532688
21158,0.98860687017
21159,0.94508916140
21160,0.98980069160
21161,0.74093645811
21162,0.95482301712
21163,0.97357177734
21164,0.89679872990
21165,0.94349920750
21166,0.94533574581
21167,0.96372485161
21168,0.80196917057
21169,0.50000000000
21170,0.16159009933
21171,0.02769529819
21172,0.15573886037
21173,0.07921364903
21174,0.08672428131
21175,0.13951101899
21176,0.11391779780
21177,0.16540652514
21178,0.06957519054
21179,0.34476798773
21180,0.16783687472
21181,0.02189013362
21182,0.90018600225
21183,0.73887217045
21184,0.01072624326
21185,0.01209437847
21186,0.22384423018
21187,0.09764364362
21188,0.20703899860
21189,0.02773782611
21190,0.06690794230
21191,0.23858785629
21192,0.03606775403
21193,0.64774292707
21194,0.13388907909
21195,0.60293221474
21196,0.78184217215
21197,0.46703124046
21198,0.02446413040
21199,0.13432630897
21200,0.03336659074
21201,0.90381789207
21202,0.49453464150
21203,0.05509921908
21204,0.45023113489
21205,0.02599057555
21206,0.04414850473
21207,0.33020761609
21208,0.04054072499
21209,0.12667110562
21210,0.06710287929
21211,0.09795731306
21212,0.19244098663
21213,0.50000000000
21214,0.50000000000
21215,0.50000000000
21216,0.50000000000
21217,0.50000000000
21218,0.50000000000
21219,0.50000000000
21220,0.50000000000
21221,0.50000000000
21222,0.50000000000
21223,0.50000000000
21224,0.50000000000
21225,0.50000000000
21226,0.50000000000
21227,0.50000000000
21228,0.50000000000
21229,0.50000000000
21230,0.50000000000
21231,0.50000000000
21232,0.50000000000
21233,0.50000000000
21234,0.50000000000
21235,0.50000000000
21236,0.50000000000
21237,0.50000000000
21238,0.50000000000
21239,0.50000000000
21240,0.50000000000
21241,0.50000000000
21242,0.50000000000
21243,0.50000000000
21244,0.50000000000
21245,0.50000000000
21246,0.50000000000
21247,0.50000000000
21248,0.50000000000
21249,0.50000000000
21250,0.50000000000
21251,0.50000000000
21252,0.50000000000
21253,0.50000000000
21254,0.50000000000
21255,0.50000000000
21256,0.05990645289
21257,0.81725144386
21258,0.42230981588
21259,0.13721907139
21260,0.44286909699
21261,0.44339317083
21262,0.42066675425
21263,0.38235020638
21264,0.87775039673
21265,0.70900738239
21266,0.03268265724
21267,0.91715174913
21268,0.98219281435
21269,0.02302595973
21270,0.04359906912
21271,0.83557879925
21272,0.19894143939
21273,0.40978950262
21274,0.18214339018
21275,0.31368818879
21276,0.84973502159
21277,0.17722561955
21278,0.52173084021
21279,0.12133294344
21280,0.87874788046
21281,0.93429291248
21282,0.58944118023
21283,0.01426693797
21284,0.47791978717
21285,0.49107360840
21286,0.96131885052
21287,0.69133388996
21288,0.40142953396
21289,0.91207510233
21290,0.05763515830
21291,0.35183987021
21292,0.63326543570
21293,0.36416429281
21294,0.35243171453
21295,0.19746151567
21296,0.67903566360
21297,0.32325431705
21298,0.86375129223
21299,0.58100742102
21300,0.36663031578
21301,0.72120296955
21302,0.66912758350
21303,0.91439706087
21304,0.80443942547
21305,0.82137906551
21306,0.84964847565
21307,0.31670331955
21308,0.99268668890
21309,0.99623751640
21310,0.12344101071
21311,0.40061926842
21312,0.90090459585
21313,0.75016462803
21314,0.81635105610
21315,0.30024605989
21316,0.59312176704
21317,0.93334197998
21318,0.69047993422
21319,0.65590095520
21320,0.45255213976
21321,0.99061751366
21322,0.99344074726
21323,0.84929811954
21324,0.10407420993
21325,0.80410325527
21326,0.73230242729
21327,0.99783706665
21328,0.90398949385
21329,0.49149581790
21330,0.98814642429
21331,0.25608849525
21332,0.54526305199
21333,0.90952229500
21334,0.75970947742
21335,0.84150588512
21336,0.62094771862
21337,0.83818095922
21338,0.64039933681
21339,0.13757452369
21340,0.06536900997
21341,0.16198164225
21342,0.28571766615
21343,0.35117664933
21344,0.31138509512
21345,0.30653905869
21346,0.47080537677
21347,0.03674998879
21348,0.94803565741
21349,0.62307524681
21350,0.03459241986
21351,0.02300414443
21352,0.44504955411
21353,0.07187953591
21354,0.70741379261
21355,0.40611001849
21356,0.18646639585
21357,0.66906827688
21358,0.16611129045
21359,0.46858650446
21360,0.17869865894
21361,0.88520336151
21362,0.96899378300
21363,0.34417065978
21364,0.01638379693
21365,0.21872368455
21366,0.12240600586
21367,0.93865126371
21368,0.61412215233
21369,0.35276645422
21370,0.65632152557
21371,0.01896265149
21372,0.25378710032
21373,0.35646057129
21374,0.21873694658
21375,0.31220763922
21376,0.44597041607
21377,0.41354757547
21378,0.12274184823
21379,0.33047759533
21380,0.65921390057
21381,0.77960491180
21382,0.85277986526
21383,0.55895221233
21384,0.94835627079
21385,0.94254708290
21386,0.13866522908
21387,0.93756806850
21388,0.99472653866
21389,0.02139422297
21390,0.25125533342
21391,0.94930934906
21392,0.34322863817
21393,0.69824397564
21394,0.26080393791
21395,0.35376894474
21396,0.97028887272
21397,0.47151073813
21398,0.48171976209
21399,0.40248453617
21400,0.96681398153
21401,0.98570287228
21402,0.81456613541
21403,0.02359977365
21404,0.61846768856
21405,0.64908796549
21406,0.98512184620
21407,0.97770559788
21408,0.61717724800
21409,0.96244561672
21410,0.20467856526
21411,0.78625774384
21412,0.85331225395
21413,0.51120978594
21414,0.83491230011
21415,0.79232919216
21416,0.91205734015
21417,0.24830985069
21418,0.77470016479
21419,0.77022856474
21420,0.92730975151
21421,0.73723059893
21422,0.96992474794
21423,0.95867550373
21424,0.28084051609
21425,0.96291017532
21426,0.99813532829
21427,0.17025020719
21428,0.33895051479
21429,0.97780299187
21430,0.46015888453
21431,0.74567925930
21432,0.73536449671
21433,0.68681961298
21434,0.96859073639
21435,0.65586590767
21436,0.89689862728
21437,0.49241679907
21438,0.97871267796
21439,0.99234902859
21440,0.94847095013
21441,0.13726350665
21442,0.89093935490
21443,0.90722918510
21444,0.99243193865
21445,0.87090510130
21446,0.85890364647
21447,0.96751153469
21448,0.22096064687
21449,0.88834393024
21450,0.86209553480
21451,0.68259590864
21452,0.74925112724
21453,0.95323538780
21454,0.90895956755
21455,0.74292087555
21456,0.63764488697
21457,0.50781446695
21458,0.59745389223
21459,0.84884595871
21460,0.78567123413
21461,0.03051838279
21462,0.93655526638
21463,0.96642637253
21464,0.04795080423
21465,0.05562645197
21466,0.83550083637
21467,0.16950792074
21468,0.74016159773
21469,0.40930601954
21470,0.16650351882
21471,0.91351282597
21472,0.13124406338
21473,0.78148597479
21474,0.36323386431
21475,0.86182975769
21476,0.93901991844
21477,0.67419517040
21478,0.03412026167
21479,0.32234442234
21480,0.32173883915
21481,0.97651576996
21482,0.94686108828
21483,0.25710558891
21484,0.92094600201
21485,0.20120179653
21486,0.42025458813
21487,0.80872046947
21488,0.13109162450
21489,0.33591446280
21490,0.84532415867
21491,0.70596027374
21492,0.33559858799
21493,0.75172817707
21494,0.70824092627
21495,0.79343271255
21496,0.82981789112
21497,0.12470701337
21498,0.93009984493
21499,0.94231104851
21500,0.04684695601
21501,0.12625023723
21502,0.79620039463
21503,0.23345881701
21504,0.64881098270
21505,0.35973197222
21506,0.23470932245
21507,0.93902951479
21508,0.33101987839
21509,0.93663442135
21510,0.40913987160
21511,0.90748310089
21512,0.96207004786
21513,0.76363945007
21514,0.02304166555
21515,0.48373889923
21516,0.60387814045
21517,0.98811507225
21518,0.96681189537
21519,0.46880459785
21520,0.97066128254
21521,0.08446478844
21522,0.43114545941
21523,0.75544440746
21524,0.51310473680
21525,0.56976896524
21526,0.81602215767
21527,0.71251642704
21528,0.61839580536
21529,0.47478455305
21530,0.80749583244
21531,0.79763007164
21532,0.03515568376
21533,0.89765405655
21534,0.99078893661
21535,0.01237750053
21536,0.05919188261
21537,0.88472270966
21538,0.16147664189
21539,0.63016587496
21540,0.26816862822
21541,0.16231009364
21542,0.91951286793
21543,0.19587919116
21544,0.75755214691
21545,0.24944761395
21546,0.84895700216
21547,0.93616014719
21548,0.53325438499
21549,0.01377493143
21550,0.28494608402
21551,0.26500830054
21552,0.96245592833
21553,0.86200904846
21554,0.29587206244
21555,0.92068833113
21556,0.12229564786
21557,0.42341786623
21558,0.66276818514
21559,0.20591139793
21560,0.43073436618
21561,0.83602762222
21562,0.74739068747
21563,0.11631664634
21564,0.87994074821
21565,0.83533585072
21566,0.07753303647
21567,0.91898286343
21568,0.99295330048
21569,0.03992575407
21570,0.13801518083
21571,0.90925836563
21572,0.25443559885
21573,0.76551312208
21574,0.51763361692
21575,0.19322025776
21576,0.88965868950
21577,0.26311698556
21578,0.88285195827
21579,0.41674658656
21580,0.90529966354
21581,0.97420853376
21582,0.66716939211
21583,0.03675028682
21584,0.44410341978
21585,0.27775344253
21586,0.97841823101
21587,0.94765424728
21588,0.32513931394
21589,0.97522985935
21590,0.30218085647
21591,0.51583057642
21592,0.75433129072
21593,0.34637898207
21594,0.60159051418
21595,0.53819519281
21596,0.80574852228
21597,0.24531725049
21598,0.44831734896
21599,0.00732028484
21600,0.59385883808
21601,0.88119530678
21602,0.00160184503
21603,0.01510572433
21604,0.50824671984
21605,0.03220367432
21606,0.17072209716
21607,0.03166589141
21608,0.04848808050
21609,0.49949166179
21610,0.01453831792
21611,0.17057487369
21612,0.03777623177
21613,0.41172325611
21614,0.74921923876
21615,0.17585399747
21616,0.00238659978
21617,0.07173502445
21618,0.06345358491
21619,0.74239295721
21620,0.66061878204
21621,0.08425447345
21622,0.66912102699
21623,0.00408828259
21624,0.12656146288
21625,0.13839289546
21626,0.03844222426
21627,0.10276293755
21628,0.55305767059
21629,0.21218910813
21630,0.03722944856
21631,0.01447221637
21632,0.75811451674
21633,0.82211899757
21634,0.00600957870
21635,0.02300417423
21636,0.65635913610
21637,0.07697719336
21638,0.45926275849
21639,0.11437967420
21640,0.06938356161
21641,0.79313135147
21642,0.04056224227
21643,0.22256121039
21644,0.08280846477
21645,0.45851957798
21646,0.86307823658
21647,0.34577342868
21648,0.00497442484
21649,0.06995987892
21650,0.06328701973
21651,0.86810010672
21652,0.72122275829
21653,0.06987228990
21654,0.82424771786
21655,0.02057579160
21656,0.15506944060
21657,0.35449361801
21658,0.08630424738
21659,0.19102224708
21660,0.42141085863
21661,0.36377733946
21662,0.10200437903
21663,0.99696952105
21664,0.99987781048
21665,0.30084460974
21666,0.55657023191
21667,0.99520361423
21668,0.82997274399
21669,0.98247754574
21670,0.89709764719
21671,0.76923465729
21672,0.99509918690
21673,0.78670990467
21674,0.94694519043
21675,0.75180625916
21676,0.98867416382
21677,0.99631619453
21678,0.96617555618
21679,0.25265255570
21680,0.87563192844
21681,0.92549705505
21682,0.99870693684
21683,0.98822063208
21684,0.88175094128
21685,0.99443423748
21686,0.77262008190
21687,0.93854564428
21688,0.98458254337
21689,0.90714508295
21690,0.93382608891
21691,0.97252786160
21692,0.98206281662
21693,0.86056470871
21694,0.88522356749
21695,0.00148025155
21696,0.00551906228
21697,0.32413378358
21698,0.01615071297
21699,0.12172365189
21700,0.04985272884
21701,0.02298909426
21702,0.19980490208
21703,0.01855233312
21704,0.12694031000
21705,0.01649931073
21706,0.54173755646
21707,0.71616899967
21708,0.12216252089
21709,0.00167489052
21710,0.09934854507
21711,0.03929197788
21712,0.53940278292
21713,0.30078387260
21714,0.03101891279
21715,0.55066800117
21716,0.00657016039
21717,0.12016308308
21718,0.08469498158
21719,0.02145740390
21720,0.08284890652
21721,0.09799110889
21722,0.10787960887
21723,0.03389739990
21724,0.00057393312
21725,0.00166907907
21726,0.24704989791
21727,0.00715216994
21728,0.37232333422
21729,0.06899487972
21730,0.01041579247
21731,0.04733595252
21732,0.00461325049
21733,0.09587106109
21734,0.00502803922
21735,0.34656524658
21736,0.81916731596
21737,0.03883859515
21738,0.00020140409
21739,0.01740220189
21740,0.01415157318
21741,0.59193491936
21742,0.39744600654
21743,0.03216326237
21744,0.09385132790
21745,0.00065043569
21746,0.02384760976
21747,0.01746881008
21748,0.01352587342
21749,0.04777434468
21750,0.45927932858
21751,0.03624463081
21752,0.00402495265
21753,0.66915607452
21754,0.99385058880
21755,0.90801376104
21756,0.96727955341
21757,0.89428818226
21758,0.89930748940
21759,0.99480056763
21760,0.95308709145
21761,0.98474860191
21762,0.88917672634
21763,0.99561780691
21764,0.99819952250
21765,0.99079108238
21766,0.45428586006
21767,0.95759165287
21768,0.98255157471
21769,0.99876105785
21770,0.99880588055
21771,0.98016107082
21772,0.99327600002
21773,0.64810240269
21774,0.98164129257
21775,0.98735851049
21776,0.94927644730
21777,0.98728263378
21778,0.94507157803
21779,0.99313795567
21780,0.89037966728
21781,0.98020231724
21782,0.69281631708
21783,0.83341199160
21784,0.72994327545
21785,0.81200581789
21786,0.98929148912
21787,0.84977215528
21788,0.98291420937
21789,0.67857801914
21790,0.98353314400
21791,0.99124217033
21792,0.95119047165
21793,0.14954540133
21794,0.87759900093
21795,0.90108418465
21796,0.99367535114
21797,0.99535381794
21798,0.84147262573
21799,0.98398178816
21800,0.43304082751
21801,0.92242455482
21802,0.93960136175
21803,0.74914228916
21804,0.88287854195
21805,0.98135840893
21806,0.94482862949
21807,0.68426913023
21808,0.02333688736
21809,0.38564282656
21810,0.02014118433
21811,0.02632606030
21812,0.25214141607
21813,0.16973856091
21814,0.15437042713
21815,0.21265822649
21816,0.56676638126
21817,0.67247116566
21818,0.14371812344
21819,0.00349268317
21820,0.05578950047
21821,0.05577352643
21822,0.87775605917
21823,0.39575359225
21824,0.06893035769
21825,0.57068312168
21826,0.00375613570
21827,0.07783278823
21828,0.07566207647
21829,0.03474557400
21830,0.06169319153
21831,0.13651388884
21832,0.28738343716
21833,0.07544472814
21834,0.65275728703
21835,0.69562619925
21836,0.53254908323
21837,0.98306733370
21838,0.48731243610
21839,0.90070015192
21840,0.39747369289
21841,0.97351813316
21842,0.99042427540
21843,0.91436481476
21844,0.15235471725
21845,0.63261711597
21846,0.50357103348
21847,0.98741513491
21848,0.99374961853
21849,0.72882848978
21850,0.97979426384
21851,0.57788634300
21852,0.73497122526
21853,0.90870934725
21854,0.73490852118
21855,0.79508292675
21856,0.82332813740
21857,0.92527616024
21858,0.46678742766
21859,0.12417253852
21860,0.06545138359
21861,0.80943918228
21862,0.25739175081
21863,0.65743571520
21864,0.06135123968
21865,0.83682346344
21866,0.90217328072
21867,0.44239044189
21868,0.00755402446
21869,0.27482956648
21870,0.15918308496
21871,0.97242105007
21872,0.68961602449
21873,0.21562507749
21874,0.91589009762
21875,0.03875908256
21876,0.31282228231
21877,0.56909292936
21878,0.25732034445
21879,0.32172036171
21880,0.07237175107
21881,0.42175960541
21882,0.13364139199
21883,0.57318520546
21884,0.95739471912
21885,0.59070825577
21886,0.86924755573
21887,0.45166283846
21888,0.94864690304
21889,0.98297560215
21890,0.88389068842
21891,0.07286226749
21892,0.66225385666
21893,0.78845483065
21894,0.98337250948
21895,0.96720707417
21896,0.85653495789
21897,0.96324396133
21898,0.31424152851
21899,0.76091843843
21900,0.87546575069
21901,0.61935395002
21902,0.82861196995
21903,0.67481762171
21904,0.90086507797
21905,0.41050192714
21906,0.96657639742
21907,0.31233218312
21908,0.51978951693
21909,0.21965700388
21910,0.93366253376
21911,0.97849696875
21912,0.62940794230
21913,0.04359588027
21914,0.64719575644
21915,0.45453193784
21916,0.96629828215
21917,0.87876212597
21918,0.49749258161
21919,0.94596064091
21920,0.34358265996
21921,0.74800801277
21922,0.75171673298
21923,0.30557423830
21924,0.72491335869
21925,0.82363390923
21926,0.88754177094
21927,0.19481009245
21928,0.01058289409
21929,0.19160330296
21930,0.11791071296
21931,0.46440640092
21932,0.68339872360
21933,0.12280288339
21934,0.00295606256
21935,0.22481134534
21936,0.10118776560
21937,0.95300710201
21938,0.25256419182
21939,0.06064811349
21940,0.53442621231
21941,0.02279767394
21942,0.08277082443
21943,0.35918992758
21944,0.05693727732
21945,0.15117540956
21946,0.31608125567
21947,0.20744541287
21948,0.04740917683
21949,0.96832996607
21950,0.57963192463
21951,0.95015394688
21952,0.99199080467
21953,0.82850039005
21954,0.02966472507
21955,0.82211512327
21956,0.67632597685
21957,0.98579668999
21958,0.96041893959
21959,0.66261839867
21960,0.95333731174
21961,0.22512930632
21962,0.74275100231
21963,0.87363445759
21964,0.47548010945
21965,0.84642660618
21966,0.08141344786
21967,0.90502083302
21968,0.60064703226
21969,0.05447655916
21970,0.68360352516
21971,0.93117654324
21972,0.22035577893
21973,0.01644995809
21974,0.20144614577
21975,0.17041453719
21976,0.96099221706
21977,0.51174658537
21978,0.18575477600
21979,0.85258090496
21980,0.01907056570
21981,0.31510049105
21982,0.21727073193
21983,0.06035766006
21984,0.25676670671
21985,0.48924678564
21986,0.20914927125
21987,0.08993959427
21988,0.88570678234
21989,0.97651392221
21990,0.75128996372
21991,0.03336352110
21992,0.46330896020
21993,0.47383069992
21994,0.96998637915
21995,0.86281001568
21996,0.41516295075
21997,0.95535087585
21998,0.13787668943
21999,0.57949674129
22000,0.74051558971
22001,0.27081024647
22002,0.76067495346
22003,0.63370603323
22004,0.74558401108
22005,0.37331312895
22006,0.68502187729
22007,0.24342444539
22008,0.00255382061
22009,0.13463509083
22010,0.10155144334
22011,0.55635166168
22012,0.44965639710
22013,0.13330882788
22014,0.43463966250
22015,0.00967681408
22016,0.12345346808
22017,0.18267321587
22018,0.04338735342
22019,0.05480569601
22020,0.43136209249
22021,0.21671265364
22022,0.01008573174
22023,0.17102682590
22024,0.00159889460
22025,0.03881090879
22026,0.03014478087
22027,0.44028428197
22028,0.41464701295
22029,0.03794273734
22030,0.39433443546
22031,0.00309672952
22032,0.05595591664
22033,0.10512802005
22034,0.02623030543
22035,0.09956234694
22036,0.15191486478
22037,0.10127288103
22038,0.01366934180
22039,0.00787031651
22040,0.35383427143
22041,0.25915634632
22042,0.89901828766
22043,0.78698003292
22044,0.28452646732
22045,0.87175393105
22046,0.03814700246
22047,0.34361860156
22048,0.63396990299
22049,0.09453734756
22050,0.34666305780
22051,0.26932311058
22052,0.59449303150
22053,0.05490791798
22054,0.98640161753
22055,0.98689603806
22056,0.99951291084
22057,0.99414038658
22058,0.97372138500
22059,0.99826204777
22060,0.68020319939
22061,0.98523974419
22062,0.99375224113
22063,0.96760809422
22064,0.98341584206
22065,0.96720981598
22066,0.98919939995
22067,0.93941986561
22068,0.14426758885
22069,0.97083294392
22070,0.93039810658
22071,0.46084740758
22072,0.94769883156
22073,0.14512079954
22074,0.55128616095
22075,0.60905051231
22076,0.33907943964
22077,0.54502928257
22078,0.47924563289
22079,0.62540555000
22080,0.36229509115
22081,0.98701041937
22082,0.99028766155
22083,0.62445181608
22084,0.96999526024
22085,0.15302670002
22086,0.62707471848
22087,0.86525976658
22088,0.47893103957
22089,0.71491694450
22090,0.85697710514
22091,0.92737972736
22092,0.40041396022
22093,0.11395779252
22094,0.07565972209
22095,0.34246116877
22096,0.00718688965
22097,0.03853958845
22098,0.10120186210
22099,0.02624434233
22100,0.05970442295
22101,0.18304094672
22102,0.14407452941
22103,0.01430863142
22104,0.02184474468
22105,0.58888125420
22106,0.00235018134
22107,0.06725442410
22108,0.35587254167
22109,0.02238544822
22110,0.05510818958
22111,0.50898694992
22112,0.29680529237
22113,0.01790681481
22114,0.94602030516
22115,0.24200648069
22116,0.50169181824
22117,0.75873690844
22118,0.34635704756
22119,0.63295489550
22120,0.81676542759
22121,0.90933513641
22122,0.17646297812
22123,0.00359639525
22124,0.09888118505
22125,0.14859330654
22126,0.03796008229
22127,0.07081633806
22128,0.15973070264
22129,0.15482929349
22130,0.02770406008
22131,0.93704664707
22132,0.97888994217
22133,0.86913782358
22134,0.96116328239
22135,0.94484728575
22136,0.95988893509
22137,0.84259772301
22138,0.76964461803
22139,0.28347894549
22140,0.49048927426
22141,0.78612208366
22142,0.82048487663
22143,0.15455064178
22144,0.10998231173
22145,0.25402551889
22146,0.51273089647
22147,0.40673229098
22148,0.08691892028
22149,0.74303072691
22150,0.77797734737
22151,0.90191763639
22152,0.33602136374
22153,0.73039138317
22154,0.82414346933
22155,0.31636774540
22156,0.48646458983
22157,0.18636852503
22158,0.12530517578
24862,0.18778136373
24863,0.50000000000
24864,0.50000000000
24865,0.50000000000
24866,0.83119040728
24867,0.92154705524
24868,0.08429670334
24869,0.22973671556
24870,0.56235599518
24871,0.07910239697
24872,0.08657136559
24873,0.50000000000
24874,0.03090766072
24875,0.23694688082
24876,0.88162302971
24877,0.87590754032
24878,0.28674551845
24879,0.46918570995
24880,0.18172720075
24881,0.16429552436
24882,0.01694783568
24883,0.50000000000
24884,0.50000000000
24885,0.50000000000
24886,0.50000000000
24887,0.75791811943
24888,0.91613936424
24889,0.19367855787
24890,0.93345147371
24891,0.26862809062
24892,0.53642308712
24893,0.11708229780
24894,0.50000000000
24895,0.01248893142
24896,0.57720935345
24897,0.90707182884
24898,0.87418699265
24899,0.81595546007
24900,0.53150993586
24901,0.53899341822
24902,0.90684080124
24903,0.37370458245
24904,0.50000000000
24905,0.50000000000
24906,0.50000000000
24907,0.50000000000
24908,0.50000000000
24909,0.50000000000
24910,0.50000000000
24911,0.50000000000
24912,0.50000000000
24913,0.50000000000
24914,0.50000000000
24915,0.50000000000
24916,0.50000000000
24917,0.50000000000
24918,0.50000000000
24919,0.50000000000
24920,0.50000000000
24921,0.50000000000
24922,0.50000000000
24923,0.50000000000
24924,0.50000000000
24925,0.50000000000
24926,0.50000000000
24927,0.50000000000
24928,0.50000000000
24929,0.50000000000
24930,0.50000000000
24931,0.50000000000
24932,0.50000000000
24933,0.50000000000
24934,0.50000000000
24935,0.50000000000
24936,0.50000000000
24937,0.50000000000
24938,0.50000000000
24939,0.50000000000
24940,0.50000000000
24941,0.50000000000
24942,0.50000000000
24943,0.50000000000
24944,0.50000000000
24945,0.50000000000
24946,0.50000000000
24947,0.50000000000
24948,0.50000000000
24949,0.50000000000
24950,0.50000000000
24951,0.50000000000
24952,0.50000000000
24953,0.50000000000
24954,0.50000000000
24955,0.50000000000
24956,0.50000000000
24957,0.50000000000
24958,0.50000000000
24959,0.50000000000
24960,0.50000000000
24961,0.50000000000
24962,0.80592656136
24963,0.21946066618
24964,0.63303595781
24965,0.66380274296
24966,0.12986671925
24967,0.05765980482
24968,0.50000000000
24969,0.02792024612
24970,0.99828314781
24971,0.58798801899
24972,0.79622781277
24973,0.23665022850
24974,0.29725509882
24975,0.28081279993
24976,0.21362993121
24977,0.05284839869
24978,0.50000000000
24979,0.16950497031
24980,0.26889419556
24981,0.65744984150
24982,0.38968640566
24983,0.13632470369
24984,0.50000000000
24985,0.14715936780
24986,0.05741155148
24987,0.67697995901
24988,0.57911682129
24989,0.34093993902
24990,0.22979816794
24991,0.04300257564
24992,0.31787365675
24993,0.25436979532
24994,0.50000000000
24995,0.20865216851
24996,0.78894209862
24997,0.28495639563
24998,0.06732779741
24999,0.50000000000
25000,0.07522043586
25001,0.66541707516
25002,0.94941616058
25003,0.98080563545
25004,0.90259170532
25005,0.85311293602
25006,0.53172039986
25007,0.13322591782
25008,0.53302472830
25009,0.50000000000
25010,0.98247039318
25011,0.30444216728
25012,0.19154015183
25013,0.50000000000
25014,0.25748836994
25015,0.29819232225
25016,0.89167863131
25017,0.87759315968
25018,0.42611643672
25019,0.51254272461
25020,0.10979348421
25021,0.37764322758
25022,0.25444263220
25023,0.50000000000
25024,0.08138835430
25025,0.05357164145
25026,0.50000000000
25027,0.08893984556
25028,0.29457968473
25029,0.54129087925
25030,0.54504239559
25031,0.42961072922
25032,0.42583873868
25033,0.21267965436
25034,0.12345024943
25035,0.13328361511
25036,0.50000000000
25037,0.26993161440
25038,0.50000000000
25039,0.12386268377
25040,0.99799132347
25041,0.76754939556
25042,0.81838274002
25043,0.70136916637
25044,0.55978208780
25045,0.56173682213
25046,0.78073865175
25047,0.92662119865
25048,0.50000000000
25049,0.50000000000
25050,0.46043747663
25051,0.70470613241
25052,0.80713462830
25053,0.93089693785
25054,0.88125854731
25055,0.79882466793
25056,0.70182734728
25057,0.82416629791
25058,0.60275983810
25059,0.50000000000
25060,0.50000000000
25061,0.50000000000
25062,0.50000000000
25063,0.50000000000
25064,0.50000000000
25065,0.50000000000
25066,0.50000000000
25067,0.50000000000
25068,0.50000000000
25069,0.50000000000
25070,0.21981671453
25071,0.77236413956
25072,0.73608970642
25073,0.82943201065
25074,0.66228783131
25075,0.82237416506
25076,0.74602568150
25077,0.46561795473
25078,0.50000000000
25079,0.81656038761
25080,0.94929301739
25081,0.31242460012
25082,0.32728344202
25083,0.16949900985
25084,0.25246447325
25085,0.52096772194
25086,0.50000000000
25087,0.77738988400
25088,0.22948816419
25089,0.19004523754
25090,0.07451862097
25091,0.25143623352
25092,0.06747153401
25093,0.50000000000
25094,0.10904422402
25095,0.06800529361
25096,0.19144311547
25097,0.21760979295
25098,0.03932124376
25099,0.50000000000
25100,0.20043954253
25101,0.38807886839
25102,0.62288457155
25103,0.66275376081
25104,0.50000000000
25105,0.40321922302
25106,0.45836296678
25107,0.34890478849
25108,0.50000000000
25109,0.50341659784
25110,0.21681407094
25111,0.50000000000
25112,0.29530847073
25113,0.50000000000
25114,0.50000000000
637,0.50000000000
638,0.19154015183
639,0.19743129611
640,0.83973622322
641,0.50000000000
642,0.25444263220
643,0.34096169472
644,0.25748836994
645,0.37764322758
646,0.29819232225
647,0.50000000000
648,0.50000000000
649,0.50000000000
650,0.50000000000
651,0.50000000000
652,0.50000000000
653,0.50000000000
654,0.50000000000
655,0.50000000000
656,0.43007412553
657,0.91903531551
658,0.50000000000
659,0.60275983810
660,0.47132861614
661,0.46043747663
662,0.82416629791
663,0.70470613241
664,0.75791811943
665,0.50000000000
666,0.37370458245
667,0.19367855787
668,0.01248893142
669,0.90684080124
670,0.57720935345
671,0.50000000000
672,0.05284839869
673,0.21946066618
674,0.02792024612
675,0.21362993121
676,0.99828314781
677,0.50000000000
678,0.50000000000
679,0.50000000000
680,0.50000000000
681,0.50000000000
682,0.42985436320
683,0.00841763616
684,0.41866728663
685,0.28239083290
686,0.07522043586
687,0.13322591782
688,0.66541707516
689,0.74602568150
690,0.21981671453
691,0.70100510120
714,0.50000000000
22159,0.03600409627
22160,0.34358265996
22161,0.18959757686
22162,0.64719575644
22163,0.77542531490
22164,0.90106076002
22165,0.73013889790
22166,0.18691769242
22167,0.04929229617
22168,0.45453193784
22169,0.62940794230
22170,0.96657639742
22171,0.03461417556
22172,0.91169762611
22173,0.62558603287
22174,0.72491335869
22175,0.50000000000
22176,0.73053252697
22177,0.31233218312
22178,0.04359588027
22179,0.30557423830
22180,0.21965700388
22181,0.26550471783
22182,0.59553527832
22183,0.19481009245
22184,0.97849696875
22185,0.88670724630
22186,0.83372116089
22187,0.16282320023
22188,0.52320832014
22189,0.75171673298
22190,0.37047475576
22191,0.82363390923
22192,0.53430134058
22193,0.93366253376
22194,0.49749258161
22195,0.49758902192
22196,0.74800801277
22197,0.96629828215
22198,0.69814312458
22199,0.99373340607
22200,0.51978951693
22201,0.19276636839
22202,0.94596064091
22203,0.88754177094
22204,0.24580782652
22205,0.87876212597
22206,0.70876473188
22207,0.89020776749
22208,0.50000000000
22209,0.86333084106
22210,0.93701064587
22211,0.97540163994
22212,0.99790382385
22213,0.98027873039
22214,0.99505627155
22215,0.82693850994
22216,0.68350875378
22217,0.95948225260
22218,0.99340939522
22219,0.99746704102
22220,0.57988065481
22221,0.99913334846
22222,0.92305552959
22223,0.98463523388
22224,0.50000000000
22225,0.95814692974
22226,0.97400391102
22227,0.63036739826
22228,0.98619031906
22229,0.93675100803
22230,0.89353752136
22231,0.93703258038
22232,0.96253293753
22233,0.99923038483
22234,0.99889314175
22235,0.99269032478
22236,0.81934690475
22237,0.96545642614
22238,0.99608302116
22239,0.97655051947
22240,0.91403806210
22241,0.97498846054
22242,0.99859583378
22243,0.98314094543
22244,0.93718129396
22245,0.98383969069
22246,0.99945151806
22247,0.91059041023
22248,0.99399822950
22249,0.99648022652
22250,0.65511608124
22251,0.99839138985
22252,0.98709356785
22253,0.92226803303
22254,0.99902355671
22255,0.97690367699
22256,0.99560296535
22257,0.50000000000
22258,0.62073105574
22259,0.91462028027
22260,0.96509248018
22261,0.84151977301
22262,0.98218297958
22263,0.69078564644
22264,0.38616728783
22265,0.88885354996
22266,0.98254305124
22267,0.98245060444
22268,0.32190024853
22269,0.97693747282
22270,0.75162553787
22271,0.96116328239
22272,0.50000000000
22273,0.84172964096
22274,0.63203215599
22275,0.32162278891
22276,0.86913782358
22277,0.89925682545
22278,0.76207435131
22279,0.93842518330
22280,0.84259772301
22281,0.99615412951
22282,0.99669015408
22283,0.92989754677
22284,0.59603649378
22285,0.89662563801
22286,0.97888994217
22287,0.80631011724
22288,0.94484728575
22289,0.77745556831
22290,0.99286770821
22291,0.84430170059
22292,0.50429892540
22293,0.93704664707
22294,0.99923455715
22295,0.88920885324
22296,0.99910068512
22297,0.95691084862
22298,0.36983406544
22299,0.99502587318
22300,0.95988893509
22301,0.76900815964
22302,0.98904913664
22303,0.91814744473
22304,0.96950817108
22305,0.50000000000
22306,0.93081742525
22307,0.84331858158
22308,0.96274739504
22309,0.88214272261
22310,0.32494646311
22311,0.10765960813
22312,0.84439867735
22313,0.94105887413
22314,0.98549664021
22315,0.08029040694
22316,0.97306936979
22317,0.79105246067
22318,0.92455387115
22319,0.50000000000
22320,0.90448689461
22321,0.78487002850
22322,0.08901590109
22323,0.66931343079
22324,0.56402623653
22325,0.37410682440
22326,0.77134048939
22327,0.58905613422
22328,0.99223279953
22329,0.98776304722
22330,0.83256483078
22331,0.36836147308
22332,0.70067954063
22333,0.94661939144
22334,0.75779497623
22335,0.94998139143
22336,0.79674345255
22337,0.96591579914
22338,0.83995962143
22339,0.75029051304
22340,0.77922451496
22341,0.99321258068
22342,0.90796053410
22343,0.99506497383
22344,0.88305401802
22345,0.21470987797
22346,0.98715162277
22347,0.96695238352
22348,0.46949860454
22349,0.98529434204
22350,0.85639095306
22351,0.94146072865
22352,0.50000000000
22353,0.82547718287
22354,0.63260746002
22355,0.64632123709
22356,0.14876624942
22357,0.04229027033
22358,0.14426758885
22359,0.74373006821
22360,0.82781994343
22361,0.04979407787
22362,0.87422919273
22363,0.34999227524
22364,0.54502928257
22365,0.50000000000
22366,0.59099054337
22367,0.24278965592
22368,0.01416286826
22369,0.33907943964
22370,0.44706210494
22371,0.13701540232
22372,0.35394495726
22373,0.36229509115
22374,0.97926032543
22375,0.85484850407
22376,0.56925749779
22377,0.07464641333
22378,0.34310182929
22379,0.60905051231
22380,0.51422572136
22381,0.47924563289
22382,0.31479710340
22383,0.88069939613
22384,0.46084740758
22385,0.42953214049
22386,0.55128616095
22387,0.97083294392
22388,0.59822583199
22389,0.96673834324
22390,0.35698294640
22391,0.18691191077
22392,0.94769883156
22393,0.62540555000
22394,0.26651534438
22395,0.93039810658
22396,0.65067851543
22397,0.78727900982
22398,0.50000000000
22399,0.06876873970
22400,0.09490957856
22401,0.02297669649
22402,0.01019471884
22403,0.05577352643
22404,0.14371812344
22405,0.25214141607
22406,0.01198062301
22407,0.51815456152
22408,0.02333688736
22409,0.06169319153
22410,0.50000000000
22411,0.11867985129
22412,0.16973856091
22413,0.00349268317
22414,0.03474557400
22415,0.21265822649
22416,0.01755177975
22417,0.07388290763
22418,0.07544472814
22419,0.67247116566
22420,0.72311669588
22421,0.17632234097
22422,0.03324142098
22423,0.23906278610
22424,0.07566207647
22425,0.03420731425
22426,0.13651388884
22427,0.10735106468
22428,0.56676638126
22429,0.06893035769
22430,0.02014118433
22431,0.07783278823
22432,0.87775605917
22433,0.38564282656
22434,0.64884537458
22435,0.15437042713
22436,0.01713207364
22437,0.57068312168
22438,0.28738343716
22439,0.02500423789
22440,0.39575359225
22441,0.20751699805
22442,0.53399378061
22443,0.50000000000
22444,0.35117664933
22445,0.02300414443
22446,0.03459241986
22447,0.12240600586
22448,0.34417065978
22449,0.66906827688
22450,0.02478936315
22451,0.30653905869
22452,0.07187953591
22453,0.31220763922
22454,0.50000000000
22455,0.16198164225
22456,0.16611129045
22457,0.01638379693
22458,0.21873694658
22459,0.17869865894
22460,0.04685890675
22461,0.16589540243
22462,0.12274184823
22463,0.96899378300
22464,0.94803565741
22465,0.33581042290
22466,0.03674998879
22467,0.33864745498
22468,0.35646057129
22469,0.31138509512
22470,0.44597041607
22471,0.13757452369
22472,0.88520336151
22473,0.35276645422
22474,0.40611001849
22475,0.25378710032
22476,0.93865126371
22477,0.70741379261
22478,0.60667419434
22479,0.46858650446
22480,0.07525056601
22481,0.65632152557
22482,0.41354757547
22483,0.06536900997
22484,0.61412215233
22485,0.28571766615
22486,0.47080537677
22487,0.50000000000
22488,0.05919188261
22489,0.01237750053
22490,0.26500830054
22491,0.53325438499
22492,0.91951286793
22493,0.01000621915
22494,0.80749583244
22495,0.16147664189
22496,0.43073436618
22497,0.50000000000
22498,0.30550527573
22499,0.19587919116
22500,0.01377493143
22501,0.20591139793
22502,0.24944761395
22503,0.05716875196
22504,0.24801668525
22505,0.11631664634
22506,0.93616014719
22507,0.89765405655
22508,0.82404512167
22509,0.03515568376
22510,0.47031354904
22511,0.66276818514
22512,0.47478455305
22513,0.83602762222
22514,0.24524524808
22515,0.84895700216
22516,0.29587206244
22517,0.26816862822
22518,0.42341786623
22519,0.96245592833
22520,0.63016587496
22521,0.95819139481
22522,0.75755214691
22523,0.12196740508
22524,0.92068833113
22525,0.74739068747
22526,0.09486496449
22527,0.86200904846
22528,0.46893453598
22529,0.79763007164
22530,0.50000000000
22531,0.19413223863
22532,0.90108418465
22533,0.95119047165
22534,0.98929148912
22535,0.09567850828
22536,0.97246658802
22537,0.69281631708
22538,0.88287854195
22539,0.50000000000
22540,0.79365122318
22541,0.84977215528
22542,0.14954540133
22543,0.74914228916
22544,0.67857801914
22545,0.49288341403
22546,0.81125313044
22547,0.68426913023
22548,0.99124217033
22549,0.98746693134
22550,0.87958729267
22551,0.17263719440
22552,0.82195615768
22553,0.93960136175
22554,0.90411162376
22555,0.98135840893
22556,0.86974865198
22557,0.98353314400
22558,0.84147262573
22559,0.72994327545
22560,0.92242455482
22561,0.99367535114
22562,0.83341199160
22563,0.99393403530
22564,0.98291420937
22565,0.64233714342
22566,0.98398178816
22567,0.94482862949
22568,0.60052716732
22569,0.99535381794
22570,0.89189100266
22571,0.93424642086
22572,0.50000000000
22573,0.98255157471
22574,0.99079108238
22575,0.99480056763
22576,0.31780618429
22577,0.99347460270
22578,0.90801376104
22579,0.98728263378
22580,0.50000000000
22581,0.98219227791
22582,0.95308709145
22583,0.45428586006
22584,0.94927644730
22585,0.88917672634
22586,0.83864963055
22587,0.91314601898
22588,0.89037966728
22589,0.99819952250
22590,0.99728202820
22591,0.94344687462
22592,0.70281881094
22593,0.97066760063
22594,0.98735851049
22595,0.87382030487
22596,0.94507157803
22597,0.91604620218
22598,0.99561780691
22599,0.98016107082
22600,0.89428818226
22601,0.98164129257
22602,0.99876105785
22603,0.96727955341
22604,0.99755609035
22605,0.98474860191
22606,0.60013031960
22607,0.99327600002
22608,0.99313795567
22609,0.83154404163
22610,0.99880588055
22611,0.96066260338
22612,0.98833519220
22613,0.50000000000
22614,0.78697967529
22615,0.97841650248
22616,0.05225792527
22617,0.90718960762
22618,0.37091869116
22619,0.71491694450
22620,0.50000000000
22621,0.56746888161
22622,0.31559163332
22623,0.04682961106
22624,0.47893103957
22625,0.38453873992
22626,0.25342434645
22627,0.61478924751
22628,0.40041396022
22629,0.97775119543
22630,0.94651031494
22631,0.65294218063
22632,0.15403553843
22633,0.70347577333
22634,0.86525976658
22635,0.72142583132
22636,0.85697710514
22637,0.52230608463
22638,0.93092072010
22639,0.62445181608
22640,0.37816929817
22641,0.62707471848
22642,0.98701041937
22643,0.85227370262
22644,0.98634409904
22645,0.79740834236
22646,0.14766013622
22647,0.96999526024
22648,0.92737972736
22649,0.24350312352
22650,0.99028766155
22651,0.77160310745
22652,0.89495003223
22653,0.50000000000
22654,0.81745368242
22655,0.00702309608
22656,0.74384194613
22657,0.16132843494
22658,0.34666305780
22659,0.50000000000
22660,0.52823388577
22661,0.14279890060
22662,0.00787031651
22663,0.09453734756
22664,0.08056455851
22665,0.05834162235
22666,0.10485494137
22667,0.05490791798
22668,0.91238844395
22669,0.89166861773
22670,0.77961754799
22671,0.02957895398
22672,0.25334024429
22673,0.63396990299
22674,0.29623872042
22675,0.26932311058
22676,0.27740827203
22677,0.85486769676
22678,0.28452646732
22679,0.07179644704
22680,0.34361860156
22681,0.89901828766
22682,0.63706564903
22683,0.92413890362
22684,0.52443450689
22685,0.14377617836
22686,0.87175393105
22687,0.59449303150
22688,0.04425132275
22689,0.78698003292
22690,0.32280230522
22691,0.70443904400
22692,0.50000000000
22693,0.00514802337
22694,0.52356010675
22695,0.06858643889
22696,0.15117540956
22697,0.50000000000
22698,0.10935550928
22699,0.01058289409
22700,0.00295606256
22701,0.05693727732
22702,0.11791071296
22703,0.02982404828
22704,0.09882727265
22705,0.04740917683
22706,0.68339872360
22707,0.81439054012
22708,0.53476160765
22709,0.01167815924
22710,0.20343330503
22711,0.35918992758
22712,0.17729884386
22713,0.31608125567
22714,0.08801281452
22715,0.46440640092
22716,0.06064811349
22717,0.05799129605
22718,0.08277082443
22719,0.95300710201
22720,0.20577937365
22721,0.66651529074
22722,0.19160330296
22723,0.01689982414
22724,0.53442621231
22725,0.20744541287
22726,0.07448145747
22727,0.25256419182
22728,0.08568546176
22729,0.37305986881
22730,0.50000000000
22731,0.99836969376
22732,0.96566236019
22733,0.97608101368
22734,0.50000000000
22735,0.96079468727
22736,0.98266911507
22737,0.68175888062
22738,0.97800362110
22739,0.94090533257
22740,0.91822981834
22741,0.97011494637
22742,0.92836201191
22743,0.99861967564
22744,0.99919372797
22745,0.97904610634
22746,0.79584169388
22747,0.98161852360
22748,0.99443042278
22749,0.98438078165
22750,0.98271918297
22751,0.97788739204
22752,0.99867486954
22753,0.98218291998
22754,0.96905541420
22755,0.98852342367
22756,0.99956440926
22757,0.99411535263
22758,0.99967741966
22759,0.99355638027
22760,0.86881834269
22761,0.99834191799
22762,0.99229812622
22763,0.92603653669
22764,0.99735242128
22765,0.98056495190
22766,0.99671888351
22767,0.50000000000
22768,0.03220367432
22769,0.10276293755
22770,0.50000000000
22771,0.05577448010
22772,0.01453831792
22773,0.00238659978
22774,0.03844222426
22775,0.03777623177
22776,0.01998078823
22777,0.05650973320
22778,0.03722944856
22779,0.74921923876
22780,0.59385883808
22781,0.07199999690
22782,0.00732028484
22783,0.13616424799
22784,0.13839289546
22785,0.12976613641
22786,0.55305767059
22787,0.04837110639
22788,0.41172325611
22789,0.08425447345
22790,0.03166589141
22791,0.12656146288
22792,0.74239295721
22793,0.17072209716
22794,0.79468929768
22795,0.17057487369
22796,0.02143910527
22797,0.66912102699
22798,0.21218910813
22799,0.04322659969
22800,0.66061878204
22801,0.09421166778
22802,0.44831734896
22803,0.50000000000
22804,0.79508292675
22805,0.50000000000
22806,0.73401868343
22807,0.48731243610
22808,0.15235471725
22809,0.73490852118
22810,0.39747369289
22811,0.26744997501
22812,0.58607417345
22813,0.46678742766
22814,0.99042427540
22815,0.96498036385
22816,0.72861516476
22817,0.31491583586
22818,0.91195273399
22819,0.90870934725
22820,0.85241425037
22821,0.82332813740
22822,0.69982099533
22823,0.97351813316
22824,0.72882848978
22825,0.69562619925
22826,0.73497122526
22827,0.98741513491
22828,0.65275728703
22829,0.98672115803
22830,0.90070015192
22831,0.33328977227
22832,0.97979426384
22833,0.92527616024
22834,0.68037670851
22835,0.99374961853
22836,0.85123014450
22837,0.87720185518
22838,0.50000000000
22839,0.50000000000
22840,0.45198622346
22841,0.28756183386
22842,0.03191325068
22843,0.37200415134
22844,0.37311840057
22845,0.12612888217
22846,0.42664909363
22847,0.31636774540
22848,0.97448843718
22849,0.94106674194
22850,0.85293114185
22851,0.07163223624
22852,0.57589614391
22853,0.81694710255
22854,0.72478938103
22855,0.73039138317
22856,0.51473861933
22857,0.93715846539
22858,0.41718816757
22859,0.44174873829
22860,0.50490695238
22861,0.97649300098
22862,0.59538030624
22863,0.97884941101
22864,0.87380659580
22865,0.24282431602
22866,0.92560249567
22867,0.82414346933
22868,0.16909509897
22869,0.98145186901
22870,0.62713825703
22871,0.80357879400
22872,0.50000000000
22873,0.50000000000
22874,0.50000000000
22875,0.50000000000
22876,0.50000000000
22877,0.50000000000
22878,0.50000000000
22879,0.50000000000
22880,0.50000000000
22881,0.50000000000
22882,0.50000000000
22883,0.50000000000
22884,0.50000000000
22885,0.50000000000
22886,0.50000000000
22887,0.50000000000
22888,0.50000000000
22889,0.50000000000
22890,0.50000000000
22891,0.50000000000
22892,0.50000000000
22893,0.50000000000
22894,0.50000000000
22895,0.50000000000
22896,0.50000000000
22897,0.50000000000
22898,0.50000000000
22899,0.50000000000
22900,0.50000000000
22901,0.50000000000
22902,0.50000000000
22903,0.50000000000
22904,0.50000000000
22905,0.50000000000
22906,0.13124406338
22907,0.03412026167
22908,0.13109162450
22909,0.36323386431
22910,0.05593866110
22911,0.28585487604
22912,0.33559858799
22913,0.93901991844
22914,0.93655526638
22915,0.82492887974
22916,0.03051838279
22917,0.66610896587
22918,0.80872046947
22919,0.59745389223
22920,0.84532415867
22921,0.29635053873
22922,0.86182975769
22923,0.25710558891
22924,0.40930601954
22925,0.42025458813
22926,0.97651576996
22927,0.74016159773
22928,0.97155761719
22929,0.78148597479
22930,0.11149233580
22931,0.92094600201
22932,0.70596027374
22933,0.22401165962
22934,0.94686108828
22935,0.63764488697
22936,0.78567123413
22937,0.50000000000
22938,0.02966472507
22939,0.47548010945
22940,0.57963192463
22941,0.28455868363
22942,0.55532360077
22943,0.60064703226
22944,0.99199080467
22945,0.96539938450
22946,0.95436435938
22947,0.27679628134
22948,0.71035450697
22949,0.87363445759
22950,0.87717163563
22951,0.08141344786
22952,0.70283645391
22953,0.95015394688
22954,0.66261839867
22955,0.31456595659
22956,0.74275100231
22957,0.98579668999
22958,0.69627916813
22959,0.98697984219
22960,0.96832996607
22961,0.16571715474
22962,0.95333731174
22963,0.90502083302
22964,0.29768288136
22965,0.96041893959
22966,0.75105333328
22967,0.92265534401
22968,0.50000000000
22969,0.96760809422
22970,0.93317043781
22971,0.87428325415
22972,0.96020221710
22973,0.93941986561
22974,0.99920523167
22975,0.99904656410
22976,0.99201756716
22977,0.84288549423
22978,0.98001372814
22979,0.99375224113
22980,0.95687973499
22981,0.96720981598
22982,0.96130907536
22983,0.99835854769
22984,0.97372138500
22985,0.93446904421
22986,0.98523974419
22987,0.99951291084
22988,0.99040544033
22989,0.99898755550
22990,0.98652327061
22991,0.75107967854
22992,0.99826204777
22993,0.98919939995
22994,0.90049636364
22995,0.99414038658
22996,0.98038125038
22997,0.99673712254
22998,0.50000000000
22999,0.35835999250
23000,0.20764577389
23001,0.48615863919
23002,0.33602136374
23003,0.98730432987
23004,0.96274799109
23005,0.85113584995
23006,0.10583209991
23007,0.70017647743
23008,0.84992575645
23009,0.53103190660
23010,0.77797734737
23011,0.45603331923
23012,0.94863057137
23013,0.65830624104
23014,0.44797497988
23015,0.83897876740
23016,0.98033171892
23017,0.53214818239
23018,0.99178075790
23019,0.75042355061
23020,0.10220447183
23021,0.95547604561
23022,0.90191763639
23023,0.30391722918
23024,0.96772003174
23025,0.73098635674
23026,0.94816982746
23027,0.50000000000
23028,0.16472896934
23029,0.43117561936
23030,0.37331312895
23031,0.97651392221
23032,0.86928731203
23033,0.79483139515
23034,0.04476761818
23035,0.62404859066
23036,0.74051558971
23037,0.48383343220
23038,0.63370603323
23039,0.33310371637
23040,0.88570678234
23041,0.41516295075
23042,0.49819952250
23043,0.57949674129
23044,0.96998637915
23045,0.60408008099
23046,0.83580756187
23047,0.51593142748
23048,0.37837171555
23049,0.95535087585
23050,0.74558401108
23051,0.19956263900
23052,0.86281001568
23053,0.74564087391
23054,0.86560666561
23055,0.50000000000
23056,0.88552594185
23057,0.80196917057
23058,0.99590158463
23059,0.99417734146
23060,0.92330634594
23061,0.39347359538
23062,0.91741645336
23063,0.97357177734
23064,0.90934830904
23065,0.94533574581
23066,0.92410510778
23067,0.99091261625
23068,0.94508916140
23069,0.82265627384
23070,0.95482301712
23071,0.99611532688
23072,0.94926935434
23073,0.99716061354
23074,0.96891218424
23075,0.82090729475
23076,0.98980069160
23077,0.96372485161
23078,0.72098636627
23079,0.98860687017
23080,0.87853014469
23081,0.97701942921
23082,0.50000000000
23083,0.38537597656
23084,0.97374701500
23085,0.97050333023
23086,0.60844254494
23087,0.09787815809
23088,0.72975325584
23089,0.86656630039
23090,0.75677216053
23091,0.69006371498
23092,0.62021410465
23093,0.96194422245
23094,0.64418590069
23095,0.54430627823
23096,0.68759918213
23097,0.98424780369
23098,0.76157236099
23099,0.98319399357
23100,0.92031610012
23101,0.23215302825
23102,0.95948338509
23103,0.79964762926
23104,0.21268439293
23105,0.95318782330
23106,0.72518378496
23107,0.87032115459
23108,0.50000000000
23109,0.98835134506
23110,0.96448767185
23111,0.89205390215
23112,0.21147426963
23113,0.73378133774
23114,0.88910543919
23115,0.78989869356
23116,0.87229287624
23117,0.59169495106
23118,0.96437168121
23119,0.79444009066
23120,0.57939952612
23121,0.87131053209
23122,0.99087715149
23123,0.82045614719
23124,0.98534780741
23125,0.87524974346
23126,0.19057714939
23127,0.97039091587
23128,0.88726723194
23129,0.39012843370
23130,0.95423567295
23131,0.70259767771
23132,0.94535326958
23133,0.50000000000
23134,0.43723455071
23135,0.16391086578
23136,0.00214132667
23137,0.04275435209
23138,0.10512802005
23139,0.03576382995
23140,0.15191486478
23141,0.01783600450
23142,0.52757418156
23143,0.03794273734
23144,0.01636889577
23145,0.05595591664
23146,0.44028428197
23147,0.12282955647
23148,0.46648785472
23149,0.12855643034
23150,0.01279705763
23151,0.39433443546
23152,0.10127288103
23153,0.00962138176
23154,0.41464701295
23155,0.03940850496
23156,0.18426907063
23157,0.50000000000
23158,0.15691563487
23159,0.00637957454
23160,0.05413970351
23161,0.08469498158
23162,0.06916394830
23163,0.09799110889
23164,0.03126621246
23165,0.54173755646
23166,0.03101891279
23167,0.04985272884
23168,0.12016308308
23169,0.53940278292
23170,0.12172365189
23171,0.33155119419
23172,0.12694031000
23173,0.00636568666
23174,0.55066800117
23175,0.10787960887
23176,0.01495078206
23177,0.30078387260
23178,0.10346841812
23179,0.22671616077
23180,0.50000000000
23181,0.02189013362
23182,0.16159009933
23183,0.33020761609
23184,0.06957519054
23185,0.06710287929
23186,0.07921364903
23187,0.60293221474
23188,0.05509921908
23189,0.02773782611
23190,0.04414850473
23191,0.90381789207
23192,0.20703899860
23193,0.61722302437
23194,0.64774292707
23195,0.02769529819
23196,0.45023113489
23197,0.09795731306
23198,0.08672428131
23199,0.49453464150
23200,0.11391779780
23201,0.16783687472
23202,0.50000000000
23203,0.89951157570
23204,0.98458254337
23205,0.96428751945
23206,0.97252786160
23207,0.90435886383
23208,0.98867416382
23209,0.88175094128
23210,0.89709764719
23211,0.93854564428
23212,0.99870693684
23213,0.98247754574
23214,0.99847471714
23215,0.94694519043
23216,0.70506572723
23217,0.99443423748
23218,0.98206281662
23219,0.71076428890
23220,0.98822063208
23221,0.94162321091
23222,0.98504459858
23223,0.50000000000
23224,0.63326543570
23225,0.38235020638
23226,0.19746151567
23227,0.42230981588
23228,0.87874788046
23229,0.40142953396
23230,0.18214339018
23231,0.35183987021
23232,0.96131885052
23233,0.40978950262
23234,0.94693952799
23235,0.52173084021
23236,0.05990645289
23237,0.91207510233
23238,0.67903566360
23239,0.13721907139
23240,0.69133388996
23241,0.44339317083
23242,0.70900738239
23243,0.50000000000
23244,0.25486385822
23245,0.51273089647
23246,0.12075296044
23247,0.77506428957
23248,0.14910471439
23249,0.15545916557
23250,0.23037356138
23251,0.91649633646
23252,0.35515075922
23253,0.89500820637
23254,0.28175163269
23255,0.02631315589
23256,0.85615283251
23257,0.40673229098
23258,0.11830767989
23259,0.58284699917
23260,0.33239522576
23261,0.54023480415
23262,0.50000000000
23263,0.53819519281
23264,0.30649659038
23265,0.90529966354
23266,0.32513931394
23267,0.51763361692
23268,0.51583057642
23269,0.97841823101
23270,0.76551312208
23271,0.97752892971
23272,0.88285195827
23273,0.05743250251
23274,0.97522985935
23275,0.80574852228
23276,0.20205104351
23277,0.94765424728
23278,0.48451527953
23279,0.83533585072
23280,0.50000000000
23281,0.03778573871
23282,0.89819681644
23283,0.25398516655
23284,0.11889001727
23285,0.39600202441
23286,0.92911750078
23287,0.65116679668
23288,0.86322975159
23289,0.46931108832
23290,0.25890737772
23291,0.95439398289
23292,0.48646458983
23293,0.00686484575
23294,0.50108236074
23295,0.50090920925
23296,0.69401842356
23297,0.50000000000
23298,0.96681398153
23299,0.61717724800
23300,0.26080393791
23301,0.78625774384
23302,0.98512184620
23303,0.69824397564
23304,0.95902258158
23305,0.48171976209
23306,0.18691110611
23307,0.96244561672
23308,0.91205734015
23309,0.33047759533
23310,0.97770559788
23311,0.77960491180
23312,0.94254708290
23313,0.50000000000
23314,0.13330882788
23315,0.02896067500
23316,0.12345346808
23317,0.55635166168
23318,0.19119164348
23319,0.68039453030
23320,0.49659311771
23321,0.02535837889
23322,0.43463966250
23323,0.21671265364
23324,0.01364341378
23325,0.44965639710
23326,0.10601800680
23327,0.47708106041
23328,0.50000000000
23329,0.16649228334
23330,0.50169181824
23331,0.93919336796
23332,0.64235436916
23333,0.97975420952
23334,0.75166094303
23335,0.15165743232
23336,0.94602030516
23337,0.90933513641
23338,0.13449025154
23339,0.98364973068
23340,0.62902289629
23341,0.86973232031
23342,0.50000000000
23343,0.76091843843
23344,0.98337250948
23345,0.74271517992
23346,0.97039216757
23347,0.86924755573
23348,0.19090592861
23349,0.96324396133
23350,0.90086507797
23351,0.39295786619
23352,0.96720707417
23353,0.75997960567
23354,0.92046511173
23355,0.50000000000
23356,0.96800464392
23357,0.71171545982
23358,0.98343932629
23359,0.74926507473
23360,0.22754830122
23361,0.93827068806
23362,0.82048487663
23363,0.14580824971
23364,0.94887942076
23365,0.61479550600
23366,0.83114755154
23367,0.50000000000
23368,0.06645977497
23369,0.18628582358
23370,0.18095520139
23371,0.00468355417
23372,0.34246116877
23373,0.14407452941
23374,0.00782012939
23375,0.11395779252
23376,0.02249702811
23377,0.12649190426
23378,0.50000000000
23379,0.86424720287
23380,0.65743571520
23381,0.06222730875
23382,0.91589009762
23383,0.42175960541
23384,0.16986063123
23385,0.68961602449
23386,0.52032637596
23387,0.76078641415
23388,0.50000000000
23389,0.11798194051
23390,0.00454604626
23391,0.30596971512
23392,0.07156649232
23393,0.00434353948
23394,0.17335686088
23395,0.02082794905
23396,0.10096710920
23397,0.50000000000
23398,0.02931690216
23399,0.85258090496
23400,0.20914927125
23401,0.02767187357
23402,0.51174658537
23403,0.25813639164
23404,0.44881868362
23405,0.50000000000
23406,0.98814642429
23407,0.83818095922
23408,0.36663031578
23409,0.90398949385
23410,0.66912758350
23411,0.84964847565
23412,0.50000000000
23413,0.15482929349
23414,0.01486006379
23415,0.44587403536
23416,0.06274148822
23417,0.58557611704
23418,0.50000000000
23419,0.04943916202
23420,0.61448276043
23421,0.36517834663
23422,0.50688058138
23423,0.50000000000
23424,0.87090510130
23425,0.77022856474
23426,0.95867550373
23427,0.50000000000
23428,0.07590338588
23429,0.12805449963
23430,0.50000000000
23431,0.82981789112
23432,0.50000000000
23433,0.50000000000
692,0.61084890366
23434,0.88287854195
23435,0.98398178816
23436,0.98135840893
23437,0.09567850828
23438,0.90168666840
23439,0.14954540133
23440,0.64233714342
23441,0.99393403530
23442,0.90108418465
23443,0.97924137115
23444,0.95119047165
23445,0.43304082751
23446,0.50000000000
23447,0.60052716732
23448,0.82195615768
23449,0.69281631708
23450,0.98929148912
23451,0.94482862949
23452,0.92242455482
23453,0.98291420937
23454,0.79365122318
23455,0.68426913023
23456,0.67857801914
23457,0.74914228916
23458,0.90411162376
23459,0.97246658802
23460,0.72994327545
23461,0.93960136175
23462,0.17263719440
23463,0.60228627920
23464,0.49288341403
23465,0.99367535114
23466,0.99535381794
23467,0.98353314400
23468,0.84147262573
23469,0.89189100266
23470,0.87958729267
23471,0.86974865198
23472,0.98020231724
23473,0.94074392319
23474,0.81125313044
23475,0.87759900093
23476,0.84977215528
23477,0.81200581789
23478,0.93424642086
23479,0.99124217033
23480,0.11166864634
23481,0.19413223863
23482,0.83341199160
23483,0.99620115757
23484,0.92560249567
23485,0.73039138317
23486,0.02177423239
23487,0.58486962318
23488,0.03191325068
23489,0.24282431602
23490,0.97884941101
23491,0.39621955156
23492,0.70956754684
23493,0.65336966515
23494,0.22223642468
23495,0.50000000000
23496,0.16909509897
23497,0.57589614391
23498,0.29978352785
23499,0.96721434593
23500,0.82414346933
23501,0.50490695238
23502,0.87380659580
23503,0.45198622346
23504,0.31636774540
23505,0.37311840057
23506,0.37200415134
23507,0.72478938103
23508,0.80087471008
23509,0.44174873829
23510,0.81694710255
23511,0.07163223624
23512,0.13818451762
23513,0.12612888217
23514,0.97649300098
23515,0.98145186901
23516,0.93715846539
23517,0.41718816757
23518,0.62713825703
23519,0.85293114185
23520,0.51473861933
23521,0.92481815815
23522,0.32441970706
23523,0.42664909363
23524,0.47731247544
23525,0.28756183386
23526,0.42726421356
23527,0.80357879400
23528,0.97448843718
23529,0.03495761752
23530,0.02962881327
23531,0.59538030624
23532,0.99182415009
23533,0.15973070264
23534,0.00115436316
23535,0.22037637234
23536,0.00147512555
23537,0.00293749571
23538,0.50319278240
23539,0.08907631040
23540,0.07087087631
23541,0.22852429748
23542,0.00359639525
23543,0.50000000000
23544,0.01486006379
23545,0.08935678005
23546,0.03092798591
23547,0.19985559583
23548,0.15482929349
23549,0.09888118505
23550,0.40444836020
23551,0.06358805299
23552,0.02770406008
23553,0.05808222294
23554,0.03796008229
23555,0.08988630772
23556,0.50812584162
23557,0.04953810573
23558,0.14859330654
23559,0.00542545319
23560,0.01793667674
23561,0.00804743171
23562,0.69339978695
23563,0.44587403536
23564,0.50972652435
23565,0.10720595717
23566,0.06274148822
23567,0.09966886044
23568,0.06202998757
23569,0.26576346159
23570,0.04411259294
23571,0.03580945730
23572,0.09998551011
23573,0.02923381329
23574,0.03632321954
23575,0.58557611704
23576,0.60512709618
23577,0.00160551071
23578,0.00207033753
23579,0.21609866619
23580,0.80888044834
23581,0.02481347322
23582,0.04297336936
23583,0.02030408382
23584,0.25890737772
23585,0.86322975159
23586,0.24639284611
23587,0.51982396841
23588,0.48616051674
23589,0.01272031665
23590,0.50000000000
23591,0.00686484575
23592,0.28231000900
23593,0.02815362811
23594,0.76801252365
23595,0.48646458983
23596,0.39600202441
23597,0.46931108832
23598,0.04793289304
23599,0.18636852503
23600,0.08957362175
23601,0.08203190565
23602,0.10606279969
23603,0.68508481979
23604,0.11889001727
23605,0.33393448591
23606,0.06273585558
23607,0.19588389993
23608,0.04373887181
23609,0.92911750078
23610,0.50108236074
23611,0.89819681644
23612,0.25398516655
23613,0.50090920925
23614,0.18593686819
23615,0.03778573871
23616,0.89842027426
23617,0.76858997345
23618,0.10622611642
23619,0.24078398943
23620,0.84481602907
23621,0.01988700032
23622,0.69401842356
23623,0.94523304701
23624,0.04414489865
23625,0.00617888570
23626,0.65116679668
23627,0.99195408821
23628,0.99286925793
23629,0.68175888062
23630,0.86881834269
23631,0.99967741966
23632,0.99209809303
23633,0.94717180729
23634,0.99609744549
23635,0.83783912659
23636,0.50000000000
23637,0.92603653669
23638,0.98161852360
23639,0.96566236019
23640,0.99812662601
23641,0.99229812622
23642,0.98852342367
23643,0.99355638027
23644,0.96079468727
23645,0.92836201191
23646,0.94090533257
23647,0.97800362110
23648,0.98438078165
23649,0.99836969376
23650,0.96905541420
23651,0.99443042278
23652,0.79584169388
23653,0.95322585106
23654,0.91822981834
23655,0.99956440926
23656,0.99735242128
23657,0.99867486954
23658,0.98218291998
23659,0.98056495190
23660,0.97904610634
23661,0.97788739204
23662,0.99462431669
23663,0.99156534672
23664,0.97011494637
23665,0.98719263077
23666,0.98266911507
23667,0.96534162760
23668,0.99671888351
23669,0.99861967564
23670,0.43268227577
23671,0.68725955486
23672,0.99411535263
23673,0.99936711788
23674,0.01377493143
23675,0.12196740508
23676,0.95819139481
23677,0.26500830054
23678,0.63744950294
23679,0.53325438499
23680,0.12229564786
23681,0.50000000000
23682,0.09486496449
23683,0.47031354904
23684,0.16147664189
23685,0.91951286793
23686,0.74739068747
23687,0.42341786623
23688,0.75755214691
23689,0.30550527573
23690,0.11631664634
23691,0.24944761395
23692,0.20591139793
23693,0.47478455305
23694,0.80749583244
23695,0.26816862822
23696,0.66276818514
23697,0.03515568376
23698,0.09422868490
23699,0.05716875196
23700,0.96245592833
23701,0.86200904846
23702,0.84895700216
23703,0.29587206244
23704,0.46893453598
23705,0.82404512167
23706,0.24524524808
23707,0.88472270966
23708,0.31900379062
23709,0.24801668525
23710,0.28494608402
23711,0.19587919116
23712,0.16231009364
23713,0.79763007164
23714,0.93616014719
23715,0.01168128848
23716,0.01237750053
23717,0.63016587496
23718,0.99078893661
23719,0.75107967854
23720,0.99898755550
23721,0.98689603806
23722,0.97898036242
23723,0.99587523937
23724,0.68020319939
23725,0.50000000000
23726,0.90049636364
23727,0.98001372814
23728,0.95141899586
23729,0.99645686150
23730,0.98919939995
23731,0.98523974419
23732,0.98652327061
23733,0.96084201336
23734,0.93941986561
23735,0.93317043781
23736,0.96760809422
23737,0.95687973499
23738,0.99779224396
23739,0.93446904421
23740,0.99375224113
23741,0.84288549423
23742,0.85459053516
23743,0.87428325415
23744,0.99951291084
23745,0.99414038658
23746,0.99835854769
23747,0.97372138500
23748,0.98038125038
23749,0.99201756716
23750,0.96130907536
23751,0.97852337360
23752,0.98943924904
23753,0.96020221710
23754,0.98640161753
23755,0.96481359005
23756,0.95836770535
23757,0.99673712254
23758,0.99920523167
23759,0.41005814075
23760,0.62526464462
23761,0.99040544033
23762,0.99959021807
23763,0.99058824778
23764,0.73230242729
23765,0.86375129223
23766,0.84929811954
23767,0.25608849525
23768,0.50000000000
23769,0.36663031578
23770,0.88976842165
23771,0.75016462803
23772,0.93334197998
23773,0.83818095922
23774,0.54526305199
23775,0.65590095520
23776,0.72120296955
23777,0.64039933681
23778,0.45255213976
23779,0.75970947742
23780,0.80443942547
23781,0.82137906551
23782,0.30024605989
23783,0.90952229500
23784,0.31670331955
23785,0.66346889734
23786,0.74650627375
23787,0.99783706665
23788,0.90398949385
23789,0.99061751366
23790,0.49149581790
23791,0.66912758350
23792,0.80264723301
23793,0.58100742102
23794,0.90090459585
23795,0.95555222034
23796,0.73289197683
23797,0.80410325527
23798,0.69047993422
23799,0.59312176704
23800,0.84964847565
23801,0.99344074726
23802,0.07972696424
23803,0.12344101071
23804,0.81635105610
23805,0.99623751640
23806,0.01350924373
23807,0.02558454871
23808,0.05330440402
23809,0.00282299519
23810,0.50000000000
23811,0.00434353948
23812,0.20967394114
23813,0.00761047006
23814,0.23775485158
23815,0.07156649232
23816,0.01934286952
23817,0.11798194051
23818,0.01469901204
23819,0.01236203313
23820,0.03844392300
23821,0.00611701608
23822,0.02112698555
23823,0.11633202434
23824,0.01131111383
23825,0.05536416173
23826,0.00231057405
23827,0.00446105003
23828,0.00706332922
23829,0.64419859648
23830,0.17335686088
23831,0.21327722073
23832,0.00856363773
23833,0.02082794905
23834,0.18814662099
23835,0.01156169176
23836,0.09003391862
23837,0.02859130502
23838,0.01137852669
23839,0.06835901737
23840,0.00492042303
23841,0.00336831808
23842,0.10096710920
23843,0.31274750829
23844,0.00127783418
23845,0.00083374977
23846,0.12658262253
23847,0.90375220776
23848,0.77530354261
23849,0.78697967529
23850,0.15302670002
23851,0.50000000000
23852,0.24350312352
23853,0.70347577333
23854,0.37091869116
23855,0.97841650248
23856,0.92737972736
23857,0.62707471848
23858,0.79740834236
23859,0.56746888161
23860,0.40041396022
23861,0.38453873992
23862,0.47893103957
23863,0.72142583132
23864,0.90718960762
23865,0.37816929817
23866,0.86525976658
23867,0.15403553843
23868,0.17062196136
23869,0.25342434645
23870,0.98701041937
23871,0.99028766155
23872,0.93092072010
23873,0.62445181608
23874,0.77160310745
23875,0.65294218063
23876,0.52230608463
23877,0.95414793491
23878,0.64082449675
23879,0.61478924751
23880,0.68020433187
23881,0.31559163332
23882,0.40094429255
23883,0.89495003223
23884,0.97775119543
23885,0.04827660322
23886,0.04666081071
23887,0.85227370262
23888,0.96720170975
23889,0.34417065978
23890,0.01896265149
23891,0.50000000000
23892,0.06536900997
23893,0.33864745498
23894,0.07187953591
23895,0.66906827688
23896,0.41354757547
23897,0.25378710032
23898,0.46858650446
23899,0.16198164225
23900,0.12274184823
23901,0.17869865894
23902,0.21873694658
23903,0.31138509512
23904,0.30653905869
23905,0.40611001849
23906,0.35646057129
23907,0.03674998879
23908,0.06418254972
23909,0.04685890675
23910,0.93865126371
23911,0.61412215233
23912,0.88520336151
23913,0.35276645422
23914,0.28571766615
23915,0.33581042290
23916,0.13757452369
23917,0.44504955411
23918,0.36153373122
23919,0.16589540243
23920,0.21872368455
23921,0.16611129045
23922,0.18646639585
23923,0.47080537677
23924,0.96899378300
23925,0.03535726666
23926,0.03459241986
23927,0.70741379261
23928,0.62307524681
23929,0.03814700246
23930,0.50000000000
23931,0.04425132275
23932,0.25334024429
23933,0.16132843494
23934,0.81745368242
23935,0.59449303150
23936,0.34361860156
23937,0.52443450689
23938,0.52823388577
23939,0.05490791798
23940,0.08056455851
23941,0.09453734756
23942,0.29623872042
23943,0.74384194613
23944,0.07179644704
23945,0.63396990299
23946,0.02957895398
23947,0.08687236905
23948,0.05834162235
23949,0.89901828766
23950,0.78698003292
23951,0.85486769676
23952,0.28452646732
23953,0.32280230522
23954,0.77961754799
23955,0.27740827203
23956,0.36426290870
23957,0.51228153706
23958,0.10485494137
23959,0.35383427143
23960,0.14279890060
23961,0.16189217567
23962,0.70443904400
23963,0.91238844395
23964,0.00200614333
23965,0.00825825334
23966,0.63706564903
23967,0.98119890690
23968,0.50000000000
23969,0.76900815964
23970,0.89662563801
23971,0.75162553787
23972,0.98245060444
23973,0.95988893509
23974,0.93704664707
23975,0.95691084862
23976,0.84172964096
23977,0.84259772301
23978,0.89925682545
23979,0.86913782358
23980,0.80631011724
23981,0.97693747282
23982,0.50429892540
23983,0.97888994217
23984,0.59603649378
23985,0.62073105574
23986,0.76207435131
23987,0.99923455715
23988,0.98904913664
23989,0.99286770821
23990,0.84430170059
23991,0.91814744473
23992,0.92989754677
23993,0.77745556831
23994,0.96509248018
23995,0.96957540512
23996,0.93842518330
23997,0.91462028027
23998,0.63203215599
23999,0.64728808403
24000,0.96950817108
24001,0.99615412951
24002,0.14061620831
24003,0.38616728783
24004,0.88920885324
24005,0.99783122540
24006,0.50000000000
24007,0.50000000000
24008,0.50000000000
24009,0.50000000000
24010,0.50000000000
24011,0.50000000000
24012,0.50000000000
24013,0.50000000000
24014,0.50000000000
24015,0.50000000000
24016,0.50000000000
24017,0.50000000000
24018,0.50000000000
24019,0.50000000000
24020,0.50000000000
24021,0.50000000000
24022,0.50000000000
24023,0.50000000000
24024,0.50000000000
24025,0.50000000000
24026,0.50000000000
24027,0.50000000000
24028,0.50000000000
24029,0.50000000000
24030,0.50000000000
24031,0.50000000000
24032,0.50000000000
24033,0.50000000000
24034,0.50000000000
24035,0.50000000000
24036,0.50000000000
24037,0.50000000000
24038,0.50000000000
24039,0.50000000000
24040,0.50000000000
24041,0.50000000000
24042,0.50000000000
24043,0.76833486557
24044,0.46015888453
24045,0.96859073639
24046,0.90895956755
24047,0.88834393024
24048,0.89689862728
24049,0.77470016479
24050,0.74292087555
24051,0.49241679907
24052,0.68259590864
24053,0.73723059893
24054,0.96992474794
24055,0.73536449671
24056,0.86209553480
24057,0.28084051609
24058,0.57466548681
24059,0.44489446282
24060,0.99243193865
24061,0.87090510130
24062,0.97871267796
24063,0.85890364647
24064,0.77022856474
24065,0.78005868196
24066,0.72681409121
24067,0.97780299187
24068,0.88338935375
24069,0.71286821365
24070,0.89093935490
24071,0.65586590767
24072,0.68681961298
24073,0.95867550373
24074,0.99234902859
24075,0.07159560919
24076,0.17025020719
24077,0.74567925930
24078,0.99813532829
24079,0.19894143939
24080,0.84973502159
24081,0.67903566360
24082,0.35183987021
24083,0.52173084021
24084,0.44286909699
24085,0.32325431705
24086,0.12133294344
24087,0.36416429281
24088,0.38235020638
24089,0.87775039673
24090,0.18214339018
24091,0.63326543570
24092,0.03268265724
24093,0.05942222476
24094,0.07208713889
24095,0.96131885052
24096,0.69133388996
24097,0.87874788046
24098,0.40142953396
24099,0.44339317083
24100,0.91407918930
24101,0.42230981588
24102,0.83557879925
24103,0.28089487553
24104,0.25327217579
24105,0.47791978717
24106,0.17722561955
24107,0.31368818879
24108,0.70900738239
24109,0.93429291248
24110,0.01491466165
24111,0.02302595973
24112,0.40978950262
24113,0.98219281435
24114,0.98306733370
24115,0.92527616024
24116,0.73497122526
24117,0.90070015192
24118,0.73401868343
24119,0.46678742766
24120,0.39747369289
24121,0.73490852118
24122,0.85241425037
24123,0.96559250355
24124,0.69562619925
24125,0.90870934725
24126,0.31491583586
24127,0.24170696735
24128,0.26744997501
24129,0.98741513491
24130,0.99374961853
24131,0.97351813316
24132,0.72882848978
24133,0.85123014450
24134,0.72861516476
24135,0.69982099533
24136,0.96516227722
24137,0.68795591593
24138,0.58607417345
24139,0.63261711597
24140,0.48731243610
24141,0.53254908323
24142,0.87720185518
24143,0.99042427540
24144,0.11009028554
24145,0.06852099299
24146,0.65275728703
24147,0.99771177769
24148,0.20744541287
24149,0.08277082443
24150,0.19160330296
24151,0.10935550928
24152,0.04740917683
24153,0.11791071296
24154,0.05693727732
24155,0.17729884386
24156,0.52356010675
24157,0.05799129605
24158,0.35918992758
24159,0.01167815924
24160,0.01430976391
24161,0.02982404828
24162,0.95300710201
24163,0.25256419182
24164,0.46440640092
24165,0.06064811349
24166,0.08568546176
24167,0.53476160765
24168,0.08801281452
24169,0.21251815557
24170,0.19184485078
24171,0.09882727265
24172,0.22481134534
24173,0.01058289409
24174,0.06036189198
24175,0.37305986881
24176,0.68339872360
24177,0.00509521365
24178,0.00300943851
24179,0.20577937365
24180,0.91486299038
24181,0.22143700719
24182,0.13313278556
24183,0.15762075782
24184,0.12530517578
24185,0.09259378910
24186,0.11137270927
24187,0.29856202006
24188,0.65688431263
24189,0.23323667049
24190,0.50532108545
24191,0.02127736807
24192,0.02906847000
24193,0.05151557922
24194,0.94248384237
24195,0.61448276043
24196,0.71211260557
24197,0.08377844095
24198,0.36517834663
24199,0.51292651892
24200,0.11155945063
24201,0.75935149193
24202,0.34821394086
24203,0.14892703295
24204,0.33823168278
24205,0.07881167531
24206,0.12723699212
24207,0.50688058138
24208,0.85088896751
24209,0.01700857282
24210,0.01056644320
24211,0.44597911835
24212,0.98729586601
24213,0.74926507473
24214,0.34401541948
24215,0.15455064178
24216,0.25001662970
24217,0.28347894549
24218,0.46243855357
24219,0.87142837048
24220,0.30424344540
24221,0.76964461803
24222,0.04296520352
24223,0.13361570239
24224,0.10938403010
24225,0.96800464392
24226,0.94887942076
24227,0.90082061291
24228,0.30875980854
24229,0.61479550600
24230,0.69700849056
24231,0.34647339582
24232,0.87806129456
24233,0.66951888800
24234,0.30074056983
24235,0.37074252963
24236,0.37389275432
24237,0.24164244533
24238,0.83114755154
24239,0.96272814274
24240,0.01473000646
24241,0.02509897947
24242,0.71171545982
24243,0.97812438011
24244,0.09450945258
24245,0.08993959427
24246,0.05447655916
24247,0.06035766006
24248,0.28432667255
24249,0.66352540255
24250,0.06883922219
24251,0.21727073193
24252,0.01358622313
24253,0.02385336161
24254,0.03419581056
24255,0.96099221706
24256,0.51174658537
24257,0.68360352516
24258,0.18575477600
24259,0.25813639164
24260,0.57831597328
24261,0.06833294034
24262,0.25717276335
24263,0.42086991668
24264,0.06041392684
24265,0.20144614577
24266,0.28826189041
24267,0.04315084219
24268,0.44881868362
24269,0.93117654324
24270,0.01189440489
24271,0.00330808759
24272,0.44136223197
24273,0.95311057568
24274,0.33559858799
24275,0.36323386431
24276,0.13109162450
24277,0.59745389223
24278,0.84884595871
24279,0.40930601954
24280,0.80872046947
24281,0.03051838279
24282,0.10349851847
24283,0.05593866110
24284,0.97651576996
24285,0.94686108828
24286,0.86182975769
24287,0.25710558891
24288,0.63764488697
24289,0.82492887974
24290,0.29635053873
24291,0.83550083637
24292,0.26518508792
24293,0.28585487604
24294,0.32234442234
24295,0.13124406338
24296,0.16650351882
24297,0.78567123413
24298,0.93901991844
24299,0.01812791824
24300,0.04795080423
24301,0.74016159773
24302,0.96642637253
24303,0.41992059350
24304,0.73060935736
24305,0.78989869356
24306,0.96298289299
24307,0.57939952612
24308,0.88910543919
24309,0.21147426963
24310,0.31202813983
24311,0.29700499773
24312,0.99087715149
24313,0.95423567295
24314,0.96437168121
24315,0.79444009066
24316,0.70259767771
24317,0.89205390215
24318,0.59169495106
24319,0.80406141281
24320,0.85225313902
24321,0.57309544086
24322,0.83743381500
24323,0.54080873728
24324,0.60543954372
24325,0.94535326958
24326,0.98835134506
24327,0.04543802142
24328,0.10205483437
24329,0.82045614719
24330,0.99488246441
24331,0.27081024647
24332,0.48383343220
24333,0.82803660631
24334,0.49819952250
24335,0.74051558971
24336,0.04476761818
24337,0.24076202512
24338,0.16472896934
24339,0.96998637915
24340,0.86281001568
24341,0.88570678234
24342,0.41516295075
24343,0.74564087391
24344,0.79483139515
24345,0.33310371637
24346,0.84628164768
24347,0.75362026691
24348,0.43117561936
24349,0.46330896020
24350,0.51297026873
24351,0.34433227777
24352,0.86560666561
24353,0.97651392221
24354,0.02414110303
24355,0.05289003253
24356,0.60408008099
24357,0.99014359713
24358,0.53103190660
24359,0.93201577663
24360,0.44797497988
24361,0.84992575645
24362,0.10583209991
24363,0.17245563865
24364,0.20764577389
24365,0.98033171892
24366,0.96772003174
24367,0.94863057137
24368,0.65830624104
24369,0.73098635674
24370,0.85113584995
24371,0.45603331923
24372,0.92787700891
24373,0.74947649240
24374,0.48615863919
24375,0.66586482525
24376,0.46412569284
24377,0.36476141214
24378,0.94816982746
24379,0.98730432987
24380,0.02899092436
24381,0.05647486448
24382,0.53214818239
24383,0.99003624916
24384,0.87994074821
24385,0.51763361692
24386,0.75433129072
24387,0.07753303647
24388,0.09497556090
24389,0.09551200271
24390,0.97841823101
24391,0.94765424728
24392,0.90529966354
24393,0.32513931394
24394,0.48451527953
24395,0.76889419556
24396,0.30649659038
24397,0.90925836563
24398,0.40120020509
24399,0.37790656090
24400,0.44410341978
24401,0.26311698556
24402,0.19322025776
24403,0.83533585072
24404,0.97420853376
24405,0.10038772225
24406,0.03992575407
24407,0.76551312208
24408,0.99295330048
24409,0.03166589141
24410,0.13839289546
24411,0.00732028484
24412,0.01870504022
24413,0.01998078823
24414,0.74239295721
24415,0.66061878204
24416,0.41172325611
24417,0.08425447345
24418,0.09421166778
24419,0.07199999690
24420,0.04837110639
24421,0.50824671984
24422,0.28482890129
24423,0.05650973320
24424,0.07173502445
24425,0.01453831792
24426,0.04848808050
24427,0.44831734896
24428,0.74921923876
24429,0.00211429596
24430,0.00160184503
24431,0.17072209716
24432,0.88119530678
24433,0.87546575069
24434,0.31650689244
24435,0.16765537858
24436,0.36370301247
24437,0.98337250948
24438,0.96720707417
24439,0.94864690304
24440,0.85653495789
24441,0.75997960567
24442,0.77699816227
24443,0.60031092167
24444,0.93965333700
24445,0.79827934504
24446,0.54758208990
24447,0.66225385666
24448,0.59070825577
24449,0.57318520546
24450,0.92046511173
24451,0.98297560215
24452,0.06231167912
24453,0.10894164443
24454,0.74271517992
24455,0.98330104351
24456,0.01905429363
24457,0.01944321394
24458,0.04651245475
24459,0.91649633646
24460,0.58284699917
24461,0.77506428957
24462,0.14910471439
24463,0.33239522576
24464,0.42144834995
24465,0.12075296044
24466,0.71040892601
24467,0.20247521996
24468,0.10631826520
24469,0.25974428654
24470,0.09885278344
24471,0.07521283627
24472,0.54023480415
24473,0.89926952124
24474,0.00880682468
24475,0.01146247983
24476,0.35515075922
24477,0.95836663246
24478,0.66542166471
24479,0.61197638512
24480,0.99870693684
24481,0.98822063208
24482,0.98867416382
24483,0.88175094128
24484,0.94162321091
24485,0.94118499756
24486,0.90435886383
24487,0.99520361423
24488,0.94270825386
24489,0.92895305157
24490,0.87563192844
24491,0.78670990467
24492,0.76923465729
24493,0.98504459858
24494,0.99631619453
24495,0.23468995094
24496,0.30084460974
24497,0.98247754574
24498,0.99987781048
24499,0.37410682440
24500,0.99321258068
24501,0.98529434204
24502,0.96591579914
24503,0.83995962143
24504,0.85639095306
24505,0.83256483078
24506,0.79674345255
24507,0.84331858158
24508,0.93464338779
24509,0.77134048939
24510,0.93081742525
24511,0.78487002850
24512,0.79085183144
24513,0.94146072865
24514,0.99223279953
24515,0.08145493269
24516,0.10765960813
24517,0.90796053410
24518,0.98211663961
24519,0.99611532688
24520,0.98860687017
24521,0.99091261625
24522,0.94508916140
24523,0.87853014469
24524,0.92330634594
24525,0.92410510778
24526,0.78874182701
24527,0.94952559471
24528,0.88552594185
24529,0.94282257557
24530,0.87633454800
24531,0.92406094074
24532,0.97701942921
24533,0.99590158463
24534,0.14601963758
24535,0.18964502215
24536,0.94926935434
24537,0.99875998497
24538,0.11395779252
24539,0.49039998651
24540,0.07565972209
24541,0.02249702811
24542,0.57519847155
24543,0.03024816513
24544,0.22187167406
24545,0.11144235730
24546,0.01287129521
24547,0.05910700560
24548,0.05291604996
24549,0.01096791029
24550,0.12649190426
24551,0.45135104656
24552,0.00085118413
24553,0.00172236562
24554,0.06645977497
24555,0.87163627148
24556,0.23563760519
24557,0.02184474468
24558,0.07590338588
24559,0.26453554630
24560,0.02297791839
24561,0.19349944592
24562,0.14357218146
24563,0.08757627010
24564,0.02802944183
24565,0.01517400146
24566,0.04913198948
24567,0.12805449963
24568,0.55219972134
24569,0.00130888820
24570,0.00076311827
24571,0.16614758968
24572,0.95937299728
24573,0.13330882788
24574,0.10601800680
24575,0.39136275649
24576,0.06768518686
24577,0.39118653536
24578,0.29279899597
24579,0.03750300407
24580,0.13463509083
24581,0.06428566575
24582,0.10376566648
24583,0.47708106041
24584,0.68502187729
24585,0.00154733658
24586,0.00230011344
24587,0.19119164348
24588,0.90792262554
24589,0.62902289629
24590,0.69932091236
24591,0.47412365675
24592,0.93995690346
24593,0.54850220680
24594,0.35056924820
24595,0.54067349434
24596,0.33670991659
24597,0.38833382726
24598,0.86973232031
24599,0.97087228298
24600,0.01763182878
24601,0.02747148275
24602,0.64235436916
24603,0.96700716019
24604,0.78092634678
24605,0.45818787813
24606,0.79620039463
24607,0.46261018515
24608,0.47865250707
24609,0.48373889923
24610,0.33101987839
24611,0.23470932245
24612,0.82981789112
24613,0.96207004786
24614,0.06691616774
24615,0.04684695601
24616,0.64881098270
24617,0.94231104851
24618,0.07921364903
24619,0.22384423018
24620,0.18567058444
24621,0.13862556219
24622,0.13432630897
24623,0.03606775403
24624,0.06690794230
24625,0.16783687472
24626,0.78184217215
24627,0.02932220697
24628,0.01072624326
24629,0.20703899860
24630,0.73887217045
24631,0.94930934906
24632,0.54399192333
24633,0.68955236673
24634,0.61846768856
24635,0.47151073813
24636,0.35376894474
24637,0.94254708290
24638,0.98570287228
24639,0.05058485270
24640,0.02139422297
24641,0.69824397564
24642,0.99472653866
24643,0.13854676485
24644,0.07388290763
24645,0.05578950047
24646,0.16973856091
24647,0.02632606030
24648,0.53399378061
24649,0.67247116566
24650,0.00330871344
24651,0.01019471884
24652,0.38564282656
24653,0.99510085583
24654,0.12530627847
24655,0.23958110809
24656,0.09142345190
24657,0.22101685405
24658,0.45666560531
24659,0.94862520695
24660,0.01933756471
24661,0.00798559189
24662,0.23166891932
24663,0.91524100304
24664,0.40989720821
24665,0.34996128082
24666,0.43887802958
24667,0.87032115459
24668,0.97374701500
24669,0.04301595688
24670,0.04651328921
24671,0.76157236099
24672,0.99628424644
24673,0.24278965592
24674,0.20416110754
24675,0.78727900982
24676,0.97926032543
24677,0.01008513570
24678,0.04229027033
24679,0.59822583199
24680,0.94908165932
24681,0.49302715063
24682,0.92265534401
24683,0.99199080467
24684,0.04711177945
24685,0.05557408929
24686,0.69627916813
24687,0.99372959137
24688,0.89020776749
24689,0.97849696875
24690,0.03600409627
24691,0.04929229617
24692,0.69814312458
24693,0.94315099716
24694,0.86307823658
24695,0.00632789731
24696,0.00600957870
24697,0.45926275849
24698,0.82211899757
24699,0.00080987811
24700,0.00108751655
24701,0.12282955647
24702,0.86970162392
24703,0.68350875378
24704,0.91059041023
24705,0.99944365025
24706,0.96727955341
24707,0.99886965752
24708,0.97466027737
693,0.87314218283
694,0.70470613241
695,0.43007412553
696,0.60275983810
697,0.82416629791
698,0.46043747663
699,0.29819232225
700,0.19743129611
701,0.25444263220
702,0.37764322758
703,0.25748836994
704,0.64019119740
705,0.52096772194
706,0.25246447325
707,0.00528690219
708,0.37370458245
709,0.90684080124
710,0.01248893142
711,0.41866728663
712,0.00841763616
713,0.29665964842
25115,0.50000000000
25116,0.50000000000
25117,0.50000000000
25118,0.50000000000
25119,0.32728344202
25120,0.86953252554
25121,0.50000000000
25122,0.31242460012
25123,0.52096772194
25124,0.00528690219
25125,0.65886497498
25126,0.50000000000
25127,0.78843557835
25128,0.50000000000
25129,0.50000000000
25130,0.50000000000
25131,0.50000000000
25132,0.50000000000
25133,0.50000000000
25134,0.50000000000
25135,0.50000000000
25136,0.50000000000
25137,0.50000000000
25138,0.50000000000
25139,0.50000000000
25140,0.50000000000
25141,0.50000000000
25142,0.50000000000
25143,0.50000000000
25144,0.50000000000
25145,0.50000000000
25146,0.50000000000
25147,0.50000000000
25148,0.50000000000
25149,0.50000000000
25150,0.50000000000
25151,0.50000000000
25152,0.50000000000
25153,0.50000000000
25154,0.50000000000
25155,0.50000000000
25156,0.50000000000
25157,0.50000000000
25158,0.50000000000
25159,0.50000000000
25160,0.50000000000
25161,0.50000000000
25162,0.50000000000
25163,0.50000000000
25164,0.50000000000
25165,0.50000000000
25166,0.50000000000
25167,0.50000000000
25168,0.50000000000
25169,0.50000000000
25170,0.50000000000
25171,0.50000000000
25172,0.50000000000
25173,0.50000000000
25174,0.50000000000
25175,0.64123070240
25176,0.50000000000
25177,0.49796023965
25178,0.34890478849
25179,0.26019173861
25180,0.42419439554
25181,0.50000000000
25182,0.61471414566
25183,0.50000000000
25184,0.50000000000
25185,0.34093993902
25186,0.25436979532
25187,0.14715936780
25188,0.26889419556
25189,0.50000000000
25190,0.36560690403
25191,0.50000000000
25192,0.50000000000
25193,0.50000000000
25194,0.50000000000
25195,0.50000000000
25196,0.50000000000
25197,0.50000000000
25198,0.50000000000
25199,0.66275376081
25200,0.21142226458
25201,0.60837441683
25202,0.50000000000
25203,0.92238813639
25204,0.50000000000
25205,0.00841763616
25206,0.44604778290
25207,0.50000000000
25208,0.97893583775
25209,0.50000000000
25210,0.95322489738
25211,0.50000000000
25212,0.99388718605
25213,0.50000000000
25214,0.50000000000
25215,0.95995199680
25216,0.50000000000
25217,0.50000000000
25218,0.50000000000
25219,0.50000000000
